-- phpMyAdmin SQL Dump
-- version 4.8.4
-- https://www.phpmyadmin.net/
--
-- Host: 127.0.0.1
-- Generation Time: Feb 01, 2019 at 11:15 AM
-- Server version: 10.1.37-MariaDB
-- PHP Version: 7.3.0

SET SQL_MODE = "NO_AUTO_VALUE_ON_ZERO";
SET AUTOCOMMIT = 0;
START TRANSACTION;
SET time_zone = "+00:00";


/*!40101 SET @OLD_CHARACTER_SET_CLIENT=@@CHARACTER_SET_CLIENT */;
/*!40101 SET @OLD_CHARACTER_SET_RESULTS=@@CHARACTER_SET_RESULTS */;
/*!40101 SET @OLD_COLLATION_CONNECTION=@@COLLATION_CONNECTION */;
/*!40101 SET NAMES utf8mb4 */;

--
-- Database: `eapi`
--

-- --------------------------------------------------------

--
-- Table structure for table `migrations`
--

CREATE TABLE `migrations` (
  `id` int(10) UNSIGNED NOT NULL,
  `migration` varchar(255) COLLATE utf8mb4_unicode_ci NOT NULL,
  `batch` int(11) NOT NULL
) ENGINE=InnoDB DEFAULT CHARSET=utf8mb4 COLLATE=utf8mb4_unicode_ci;

--
-- Dumping data for table `migrations`
--

INSERT INTO `migrations` (`id`, `migration`, `batch`) VALUES
(5, '2014_10_12_000000_create_users_table', 1),
(6, '2014_10_12_100000_create_password_resets_table', 1),
(7, '2019_02_01_073833_create_products_table', 1),
(8, '2019_02_01_073956_create_reviews_table', 1);

-- --------------------------------------------------------

--
-- Table structure for table `password_resets`
--

CREATE TABLE `password_resets` (
  `email` varchar(128) COLLATE utf8mb4_unicode_ci NOT NULL,
  `token` varchar(128) COLLATE utf8mb4_unicode_ci NOT NULL,
  `created_at` timestamp NULL DEFAULT NULL
) ENGINE=InnoDB DEFAULT CHARSET=utf8mb4 COLLATE=utf8mb4_unicode_ci;

-- --------------------------------------------------------

--
-- Table structure for table `products`
--

CREATE TABLE `products` (
  `id` int(10) UNSIGNED NOT NULL,
  `name` varchar(255) COLLATE utf8mb4_unicode_ci NOT NULL,
  `details` text COLLATE utf8mb4_unicode_ci NOT NULL,
  `price` int(11) NOT NULL,
  `stock` int(11) NOT NULL,
  `discount` int(11) NOT NULL,
  `created_at` timestamp NULL DEFAULT NULL,
  `updated_at` timestamp NULL DEFAULT NULL
) ENGINE=InnoDB DEFAULT CHARSET=utf8mb4 COLLATE=utf8mb4_unicode_ci;

--
-- Dumping data for table `products`
--

INSERT INTO `products` (`id`, `name`, `details`, `price`, `stock`, `discount`, `created_at`, `updated_at`) VALUES
(1, 'minima', 'Praesentium tempora enim adipisci illo. Labore nisi et voluptatem quae. Ut sequi blanditiis voluptate hic velit.', 100, 1, 13, '2019-02-01 04:41:25', '2019-02-01 04:41:25'),
(2, 'est', 'Error iusto autem aut enim magni exercitationem. Soluta eveniet ut tempora illo accusantium corporis. Sunt dicta qui voluptas rerum magni dolorem. Vero aperiam quas sequi. Soluta quod illo quis voluptas autem non.', 100, 7, 26, '2019-02-01 04:41:25', '2019-02-01 04:41:25'),
(3, 'corporis', 'Asperiores numquam officia inventore velit mollitia. Fugit cum quia adipisci hic nulla commodi.', 100, 5, 25, '2019-02-01 04:41:25', '2019-02-01 04:41:25'),
(4, 'culpa', 'Quasi rerum quo voluptas qui natus quae consequatur in. Facilis esse adipisci qui suscipit rerum temporibus nam. Eos expedita ea qui earum nostrum id. Architecto ut perspiciatis sequi qui.', 100, 3, 28, '2019-02-01 04:41:25', '2019-02-01 04:41:25'),
(5, 'sed', 'Sapiente aut id harum voluptatem qui laborum modi fuga. Voluptas adipisci laborum et laboriosam harum nisi. Libero odit sed vero a enim iure. Aut dolores et accusamus nulla qui. Rem nostrum dolor et consequatur ut.', 100, 0, 7, '2019-02-01 04:41:25', '2019-02-01 04:41:25'),
(6, 'non', 'Aut quia quo magnam sunt velit optio quibusdam perspiciatis. Porro aut tempora quia beatae ut. Ea nam ut et ex quo exercitationem nostrum.', 100, 3, 17, '2019-02-01 04:41:25', '2019-02-01 04:41:25'),
(7, 'laborum', 'Eveniet temporibus aliquam tempora sit assumenda quaerat architecto consequuntur. Voluptas maiores dicta voluptatem et qui quaerat. Eum laboriosam iste omnis fuga qui est est. Quia voluptatem voluptatem autem voluptatibus aut et.', 100, 3, 16, '2019-02-01 04:41:25', '2019-02-01 04:41:25'),
(8, 'quia', 'Consequatur sed nobis maiores dignissimos quas. Et fugiat asperiores architecto est ipsam quod mollitia. Odit nesciunt autem optio eligendi sit magni.', 100, 0, 15, '2019-02-01 04:41:25', '2019-02-01 04:41:25'),
(9, 'atque', 'Et et aut ducimus sit. Illum est sint omnis ad. Reiciendis dolor facere quis perferendis.', 100, 1, 11, '2019-02-01 04:41:25', '2019-02-01 04:41:25'),
(10, 'ut', 'Fuga cumque sed voluptas deserunt ab error tempora. Ab eveniet temporibus iure maxime officiis placeat quae. Dolore qui ullam adipisci reiciendis. Eveniet consequatur odit temporibus. Dolor tempora ipsa consectetur eos labore laborum.', 100, 4, 25, '2019-02-01 04:41:25', '2019-02-01 04:41:25'),
(11, 'voluptas', 'Pariatur aut ea reiciendis quo ut. Quis rerum iste nulla quae. Sunt quasi nisi facere commodi. Non occaecati magni numquam sit sit quam iste.', 100, 5, 27, '2019-02-01 04:41:25', '2019-02-01 04:41:25'),
(12, 'quia', 'Consequuntur at asperiores eos exercitationem. Suscipit perspiciatis quibusdam adipisci in. Molestias recusandae minima sit nisi facere. Ad sint voluptatem voluptatem deserunt asperiores vitae. Dicta dignissimos dolores ducimus quibusdam iure facilis occaecati.', 100, 9, 9, '2019-02-01 04:41:25', '2019-02-01 04:41:25'),
(13, 'impedit', 'Accusamus vitae dolorum et labore aperiam aut. Aut perferendis ipsa culpa omnis laborum. Rerum vero possimus similique voluptate aut sint. Ducimus voluptate hic nesciunt corporis impedit.', 100, 2, 24, '2019-02-01 04:41:25', '2019-02-01 04:41:25'),
(14, 'et', 'Qui et suscipit reprehenderit laboriosam. Aperiam numquam dolor in dolor suscipit et. Ipsum officiis et rerum suscipit.', 100, 1, 8, '2019-02-01 04:41:25', '2019-02-01 04:41:25'),
(15, 'distinctio', 'Mollitia debitis ducimus sapiente. Ducimus dolor nihil occaecati dolores officiis dolores unde. Dolorum voluptate odit omnis quia labore consequatur sequi.', 100, 9, 23, '2019-02-01 04:41:25', '2019-02-01 04:41:25'),
(16, 'quasi', 'Exercitationem voluptatum repellat laborum nisi culpa sed consequatur. Dolor dolor exercitationem dolores tenetur et nisi maiores sit. Qui dolorum itaque debitis molestias eum.', 100, 6, 30, '2019-02-01 04:41:25', '2019-02-01 04:41:25'),
(17, 'ducimus', 'Possimus architecto pariatur aperiam assumenda. Et adipisci voluptatem praesentium. Quaerat voluptas velit asperiores ducimus. Consequuntur laboriosam aut sit laudantium.', 100, 3, 22, '2019-02-01 04:41:25', '2019-02-01 04:41:25'),
(18, 'maxime', 'Iste magnam nisi commodi placeat. Totam et nostrum repellat praesentium est. Voluptatem eos voluptas ea quo repellendus. Voluptate officiis nobis tenetur qui eos dolor aut voluptas.', 100, 4, 25, '2019-02-01 04:41:25', '2019-02-01 04:41:25'),
(19, 'iusto', 'Velit ipsam deserunt dolores adipisci. In enim laboriosam quidem. Quia doloribus velit aut soluta minus est eaque.', 100, 2, 11, '2019-02-01 04:41:25', '2019-02-01 04:41:25'),
(20, 'quibusdam', 'Velit esse ea nulla ad pariatur ratione culpa aut. Nemo ullam id at ut aliquam et qui.', 100, 5, 7, '2019-02-01 04:41:25', '2019-02-01 04:41:25'),
(21, 'non', 'Voluptatem quae dolores a. Ut quam praesentium qui qui quisquam aut sequi et. Sed quisquam maiores quia est temporibus cum.', 100, 4, 2, '2019-02-01 04:41:25', '2019-02-01 04:41:25'),
(22, 'tempora', 'Aut ut aut voluptas praesentium doloremque tenetur sunt. Exercitationem consequuntur sit rerum esse nam. Cumque repellendus occaecati quia. Eos a reprehenderit quisquam maxime dolor exercitationem atque odit.', 100, 0, 8, '2019-02-01 04:41:25', '2019-02-01 04:41:25'),
(23, 'et', 'Soluta sequi ut id porro quia. Iste natus sed rerum et porro et.', 100, 9, 16, '2019-02-01 04:41:25', '2019-02-01 04:41:25'),
(24, 'saepe', 'Ut corrupti assumenda est est placeat. Ea quisquam eius nobis. Iure in et incidunt ab inventore deleniti.', 100, 3, 30, '2019-02-01 04:41:25', '2019-02-01 04:41:25'),
(25, 'qui', 'Sequi voluptatibus et voluptatem sint aut. Voluptatem alias aut dolores iure. Porro omnis iure et laudantium voluptatem consequatur ullam aut. In enim culpa ducimus et.', 100, 8, 28, '2019-02-01 04:41:25', '2019-02-01 04:41:25'),
(26, 'aspernatur', 'Perspiciatis autem quia libero. Repudiandae nisi at fugit recusandae eius. Veniam eos non repellat ut et possimus. Aut magnam dolor pariatur incidunt vel quia.', 100, 6, 3, '2019-02-01 04:41:25', '2019-02-01 04:41:25'),
(27, 'inventore', 'Nemo et velit blanditiis qui illum est aut. Voluptatem fuga expedita laudantium magnam ut eaque. Quo voluptate vel odio cupiditate molestiae.', 100, 0, 12, '2019-02-01 04:41:25', '2019-02-01 04:41:25'),
(28, 'esse', 'Omnis in et sunt a quos debitis. Officiis distinctio sunt maiores provident. Totam quidem veritatis deserunt beatae est iure quam. Totam ut enim quibusdam dolor voluptate.', 100, 2, 2, '2019-02-01 04:41:25', '2019-02-01 04:41:25'),
(29, 'cumque', 'Soluta praesentium porro consectetur autem maiores tenetur. Qui incidunt nihil voluptatem fugiat nostrum nihil illo.', 100, 5, 25, '2019-02-01 04:41:25', '2019-02-01 04:41:25'),
(30, 'voluptatibus', 'Unde laboriosam porro est et quos ut. Esse ea et sed consequatur laudantium iste omnis et. Enim sunt et deserunt at ipsam. Modi ea pariatur voluptatem. Laboriosam sit reprehenderit occaecati voluptatem eaque assumenda consectetur.', 100, 3, 7, '2019-02-01 04:41:25', '2019-02-01 04:41:25'),
(31, 'consequatur', 'Eos praesentium voluptatum perferendis porro. Laudantium molestiae amet et distinctio quisquam iusto.', 100, 1, 19, '2019-02-01 04:41:25', '2019-02-01 04:41:25'),
(32, 'aut', 'Omnis et incidunt doloremque dolores. Commodi sint rerum adipisci aut sint laboriosam recusandae. Deleniti assumenda ea rerum omnis eos. Repellat saepe delectus vero non.', 100, 1, 11, '2019-02-01 04:41:25', '2019-02-01 04:41:25'),
(33, 'eaque', 'Enim impedit rerum quo quo neque. Quis non neque distinctio doloribus beatae nesciunt. Iusto atque autem praesentium reprehenderit quaerat. Et dignissimos et illo nesciunt.', 100, 4, 5, '2019-02-01 04:41:25', '2019-02-01 04:41:25'),
(34, 'aut', 'Sunt omnis vero quas. Consequatur autem corrupti est praesentium aliquid debitis consectetur. Quo consequatur voluptas quam ut.', 100, 8, 15, '2019-02-01 04:41:25', '2019-02-01 04:41:25'),
(35, 'esse', 'Est officia quasi vel cupiditate deserunt quaerat aut. Iusto alias quo repellat enim molestias. Et aspernatur id ut delectus deserunt.', 100, 0, 29, '2019-02-01 04:41:25', '2019-02-01 04:41:25'),
(36, 'quasi', 'Voluptatem sequi perferendis inventore omnis harum omnis neque. Aut voluptas eos quisquam accusamus et repudiandae nesciunt. Veniam qui omnis quae magnam quia. Velit id aut sequi ipsum sed.', 100, 1, 13, '2019-02-01 04:41:25', '2019-02-01 04:41:25'),
(37, 'aut', 'Ut aut id velit et harum et esse. Laudantium qui adipisci ad aut harum sint dolorem. Reiciendis est modi velit. Omnis dolores iure id et optio voluptate.', 100, 4, 6, '2019-02-01 04:41:25', '2019-02-01 04:41:25'),
(38, 'sed', 'Eum minima nostrum placeat. Provident necessitatibus est deleniti omnis. Et inventore vero non eaque. Quia optio impedit corporis repudiandae et et. Quo quia pariatur debitis delectus.', 100, 7, 16, '2019-02-01 04:41:25', '2019-02-01 04:41:25'),
(39, 'tempora', 'Quia qui molestiae odit dicta in qui. Accusantium sint sunt sed voluptatem. Eligendi aut officiis qui molestiae fugit eos qui. Exercitationem facere amet voluptatem temporibus soluta est.', 100, 1, 2, '2019-02-01 04:41:25', '2019-02-01 04:41:25'),
(40, 'fugiat', 'Fuga nostrum et modi provident non. Provident est et asperiores et nihil debitis ut omnis. Magnam omnis magnam officiis error laboriosam magnam dicta.', 100, 6, 16, '2019-02-01 04:41:25', '2019-02-01 04:41:25'),
(41, 'perferendis', 'Nam cumque dolor cupiditate aut. Fugit et molestiae expedita occaecati molestiae eum.', 100, 5, 11, '2019-02-01 04:41:25', '2019-02-01 04:41:25'),
(42, 'hic', 'Sunt dolores omnis alias id velit quas sunt. Explicabo ex similique repellat inventore est aliquam. Aliquam nisi eos ut corrupti eius soluta.', 100, 1, 8, '2019-02-01 04:41:25', '2019-02-01 04:41:25'),
(43, 'laboriosam', 'Tempora totam soluta iste placeat a debitis. Sit et ea sit nemo mollitia voluptas repellat. Rem sed dolores adipisci illum ut voluptate doloremque.', 100, 0, 21, '2019-02-01 04:41:25', '2019-02-01 04:41:25'),
(44, 'autem', 'Voluptatem adipisci quo ea excepturi provident ipsum. Aspernatur laborum harum sequi sapiente dolorem. Ipsam minima magni perspiciatis et voluptatem dolorum qui. Id quasi necessitatibus hic. Eius qui veniam eos et aliquid quis.', 100, 6, 6, '2019-02-01 04:41:25', '2019-02-01 04:41:25'),
(45, 'voluptatem', 'Itaque modi alias est assumenda soluta. Fugit beatae accusantium odit commodi voluptas. Ut dolor ex ipsa cumque. Sunt autem eaque veritatis qui maxime voluptatum. Quaerat eaque accusantium temporibus corrupti autem non.', 100, 5, 28, '2019-02-01 04:41:25', '2019-02-01 04:41:25'),
(46, 'sunt', 'Consequuntur dignissimos porro impedit eveniet. Dolor consequatur aut deleniti minima asperiores et. Repudiandae ut dolores rerum praesentium. Et soluta sit architecto consequuntur illum veritatis.', 100, 3, 6, '2019-02-01 04:41:25', '2019-02-01 04:41:25'),
(47, 'et', 'Unde dolore dolor in ut odit quasi. Commodi voluptatum omnis corporis. Natus voluptas rerum illo illo quas facilis. Quasi pariatur facilis quia exercitationem ea mollitia perspiciatis. Eos aut molestias explicabo ab.', 100, 9, 14, '2019-02-01 04:41:25', '2019-02-01 04:41:25'),
(48, 'et', 'Sit labore doloribus at rerum ducimus accusamus neque. Qui nisi omnis dolorem unde corrupti quia maxime. Quae quae sint quidem velit quaerat ipsum perferendis. Molestiae id dicta quas et.', 100, 9, 28, '2019-02-01 04:41:25', '2019-02-01 04:41:25'),
(49, 'aut', 'Commodi facere labore quo facilis reprehenderit consequatur quasi aut. Quo deserunt occaecati magni eligendi pariatur nesciunt numquam. Enim inventore reprehenderit doloremque quos veritatis. Inventore odit sint neque nisi.', 100, 1, 21, '2019-02-01 04:41:25', '2019-02-01 04:41:25'),
(50, 'ipsa', 'Omnis aut quis praesentium ullam provident quos. Voluptatibus ut labore vel ut voluptate saepe. Quam sint nesciunt autem vitae et. Saepe eum dolorem natus in in eligendi eos.', 100, 6, 17, '2019-02-01 04:41:25', '2019-02-01 04:41:25');

-- --------------------------------------------------------

--
-- Table structure for table `reviews`
--

CREATE TABLE `reviews` (
  `id` int(10) UNSIGNED NOT NULL,
  `product_id` int(10) UNSIGNED NOT NULL,
  `customer` varchar(255) COLLATE utf8_unicode_ci NOT NULL,
  `review` text COLLATE utf8_unicode_ci NOT NULL,
  `star` int(11) NOT NULL,
  `created_at` timestamp NULL DEFAULT NULL,
  `updated_at` timestamp NULL DEFAULT NULL
) ENGINE=InnoDB DEFAULT CHARSET=utf8 COLLATE=utf8_unicode_ci;

--
-- Dumping data for table `reviews`
--

INSERT INTO `reviews` (`id`, `product_id`, `customer`, `review`, `star`, `created_at`, `updated_at`) VALUES
(1, 41, 'Mr. Wyman Watsica', 'Rerum quam rerum voluptatibus vero totam at. Explicabo mollitia voluptas enim eius quibusdam ratione. Est voluptatibus consequuntur suscipit dignissimos. Assumenda voluptate eligendi in ratione ut occaecati. Ut sint qui fugiat qui.', 2, '2019-02-01 04:41:26', '2019-02-01 04:41:26'),
(2, 34, 'Oswald O\'Hara', 'Rerum qui laudantium eos voluptatem vitae sapiente facilis. Odit autem atque exercitationem dolorum necessitatibus non sit. Eum qui aliquid dolores suscipit. Nulla et expedita nisi magni.', 1, '2019-02-01 04:41:26', '2019-02-01 04:41:26'),
(3, 17, 'Dexter Cronin', 'Porro impedit aliquid sit dolor quae. Illum quaerat vel sit. Quia maiores sequi optio commodi cum. Recusandae est quidem provident ullam sunt amet. Veniam sit quia est corrupti reiciendis similique saepe voluptatibus.', 3, '2019-02-01 04:41:26', '2019-02-01 04:41:26'),
(4, 3, 'Cooper Nolan Jr.', 'Rerum cum quos et ut pariatur nisi dignissimos. Modi error expedita quis necessitatibus qui sed. Veritatis aut consequatur accusamus velit.', 5, '2019-02-01 04:41:26', '2019-02-01 04:41:26'),
(5, 13, 'Holly Cartwright', 'A quo ratione dolores vero vel. Delectus quis voluptates molestiae voluptas excepturi animi autem. Neque aperiam iure accusantium est. Qui repellendus dolorem non autem quo laborum et officiis.', 0, '2019-02-01 04:41:26', '2019-02-01 04:41:26'),
(6, 43, 'Augustus Schultz', 'Sit asperiores voluptas doloribus. Libero est autem quibusdam et. Consectetur expedita in veritatis sint voluptatum est reiciendis sequi. Numquam quasi quisquam optio quis optio quidem.', 5, '2019-02-01 04:41:26', '2019-02-01 04:41:26'),
(7, 15, 'Lily Cole V', 'Ea dolore vel dolorem et id fuga. Voluptatem enim ea suscipit totam quos laborum eaque. Fuga maxime qui labore excepturi explicabo consectetur.', 3, '2019-02-01 04:41:26', '2019-02-01 04:41:26'),
(8, 18, 'Dr. Forest Marvin', 'Odit deserunt ullam excepturi ut veritatis sint. Laboriosam aut non repellat et id accusantium. Ab aspernatur ut ipsam. Libero ipsam ab quisquam cumque et aliquam magnam quae.', 1, '2019-02-01 04:41:26', '2019-02-01 04:41:26'),
(9, 37, 'Mrs. Vena Gleason', 'Exercitationem nesciunt vel qui in aut. Tempora iste asperiores rerum maxime est. Sit veniam fugit neque ut tenetur est. Consequatur minima voluptatum in voluptas architecto quia.', 5, '2019-02-01 04:41:26', '2019-02-01 04:41:26'),
(10, 37, 'Keara Schaefer II', 'Mollitia rerum nisi vero itaque culpa nemo. Sed fuga assumenda quisquam voluptatem. Blanditiis consequatur quia illum dicta perferendis vero ut. Debitis laudantium omnis amet vitae necessitatibus dolores aut voluptatum.', 5, '2019-02-01 04:41:26', '2019-02-01 04:41:26'),
(11, 48, 'Marisa Hintz Sr.', 'Consequatur fugiat eligendi reprehenderit eum nostrum. Ut debitis cum sunt occaecati nihil. Deserunt officiis temporibus ipsum. Voluptate aut nesciunt harum animi.', 5, '2019-02-01 04:41:26', '2019-02-01 04:41:26'),
(12, 18, 'Kianna Stoltenberg', 'Qui et qui sunt praesentium est. Assumenda ut tempore veniam molestias exercitationem soluta. Vel velit est non et. Voluptatum sunt nihil impedit eaque sequi.', 1, '2019-02-01 04:41:26', '2019-02-01 04:41:26'),
(13, 19, 'Dillon O\'Reilly IV', 'Porro eius quia doloribus blanditiis culpa adipisci. Accusamus dolorem est numquam. Rem est odio expedita accusantium totam facere ullam.', 5, '2019-02-01 04:41:26', '2019-02-01 04:41:26'),
(14, 42, 'Jazmyn Wintheiser', 'Labore eum rerum est. Deleniti vel dignissimos aut quia optio ex. Modi qui esse odit. Sint dolore voluptates quam. Qui aperiam ut rerum necessitatibus dolor neque.', 4, '2019-02-01 04:41:26', '2019-02-01 04:41:26'),
(15, 48, 'Marta Botsford', 'Mollitia qui totam harum amet assumenda. Quos iusto commodi officia quod ut quas earum. Corrupti consequatur sed praesentium. Omnis ad maxime et voluptas ullam.', 5, '2019-02-01 04:41:26', '2019-02-01 04:41:26'),
(16, 10, 'Gideon Christiansen', 'Laudantium recusandae consequatur est. Qui et sed quas ducimus consequatur. Esse omnis quas et natus autem.', 3, '2019-02-01 04:41:26', '2019-02-01 04:41:26'),
(17, 33, 'Deven Kuhlman', 'Rerum aut hic non assumenda optio ipsum voluptas. Beatae optio illum unde quia ea unde. Alias autem ad atque debitis non esse eos. Optio nemo sit est necessitatibus quis.', 2, '2019-02-01 04:41:26', '2019-02-01 04:41:26'),
(18, 29, 'Vern Turcotte', 'Cumque ab reprehenderit dolores aspernatur. Dolor consectetur autem rerum hic saepe cumque eaque. Quisquam debitis possimus quo dolorum velit id molestiae. Debitis quia voluptatem saepe at voluptates molestiae. Voluptate nesciunt et consequatur magnam repellendus alias alias.', 5, '2019-02-01 04:41:26', '2019-02-01 04:41:26'),
(19, 14, 'Prof. Shawn Zemlak V', 'Magnam a nihil quo dicta quae illo in. Quo sit occaecati enim illo neque illo reiciendis. Sit illum molestias provident odio qui voluptas. Quia reiciendis velit quibusdam quidem provident alias animi et.', 0, '2019-02-01 04:41:26', '2019-02-01 04:41:26'),
(20, 5, 'Shawn Prohaska', 'Officia assumenda ut ut quas fuga. Quos adipisci voluptatibus quisquam autem. Nihil sed aut quae. Dolor ut labore cupiditate maiores omnis.', 5, '2019-02-01 04:41:26', '2019-02-01 04:41:26'),
(21, 23, 'Imogene D\'Amore', 'Sint quaerat tempora et omnis repellendus. Cumque qui provident amet et. Tenetur sequi iusto sit amet animi. Accusamus quibusdam voluptatem rerum aut.', 0, '2019-02-01 04:41:26', '2019-02-01 04:41:26'),
(22, 20, 'Ambrose Christiansen PhD', 'Modi recusandae provident alias molestiae eaque reprehenderit provident provident. Sint hic autem omnis rerum. Consequatur cupiditate minus deserunt dignissimos vero assumenda recusandae. Recusandae a animi explicabo dolorem in molestias.', 4, '2019-02-01 04:41:26', '2019-02-01 04:41:26'),
(23, 4, 'Bartholome Lubowitz', 'Velit cum ipsa ducimus enim ipsa voluptate. Blanditiis omnis ut fugit distinctio vel. Repudiandae illum maiores amet officia et necessitatibus autem quo.', 1, '2019-02-01 04:41:26', '2019-02-01 04:41:26'),
(24, 31, 'Mr. Cade Cruickshank II', 'Est odio et quas suscipit ab quos. Unde beatae quo ullam voluptatem. Optio iure sequi dicta porro sint animi praesentium laborum. Numquam facilis omnis asperiores assumenda doloribus at optio.', 2, '2019-02-01 04:41:26', '2019-02-01 04:41:26'),
(25, 29, 'Dr. Dallin Borer II', 'Sapiente ea et possimus voluptas minus. Eum illum qui ipsa tenetur. Alias et voluptatem sit error tempore.', 4, '2019-02-01 04:41:26', '2019-02-01 04:41:26'),
(26, 10, 'Prof. Leif Littel', 'Omnis repellendus est nulla voluptatem. Rerum aut magnam rerum qui quis magnam non. Sit vel quo voluptatem eius molestias aut.', 4, '2019-02-01 04:41:26', '2019-02-01 04:41:26'),
(27, 9, 'Mrs. Delia Cole', 'Magni harum omnis ut id consectetur. Autem qui enim voluptatem ut. Est voluptatibus vel saepe fugiat nisi dignissimos tempore. Eligendi et nihil nihil magni culpa quia dolorum.', 5, '2019-02-01 04:41:26', '2019-02-01 04:41:26'),
(28, 23, 'Ashtyn Reichert', 'Quo eaque eligendi corrupti quis consequatur sint. Ea ut unde cupiditate omnis quia nam. Harum aut voluptatum enim aut necessitatibus.', 5, '2019-02-01 04:41:26', '2019-02-01 04:41:26'),
(29, 46, 'Gussie Rohan', 'Dolor voluptates minima accusantium voluptatem. Vitae possimus consectetur eum minus neque. Saepe ipsam quos qui distinctio soluta fugit. Vel ipsum ad provident enim et quidem doloribus.', 4, '2019-02-01 04:41:26', '2019-02-01 04:41:26'),
(30, 23, 'Ova Hansen', 'Quaerat incidunt ex asperiores saepe id qui. Consequatur a sed quaerat itaque voluptatibus veritatis. Temporibus corrupti quam distinctio eos et.', 1, '2019-02-01 04:41:26', '2019-02-01 04:41:26'),
(31, 7, 'Chandler Morar', 'Autem voluptates aliquid quia voluptate. Neque non aliquid dolores qui non similique et. Sed et dignissimos sit alias. Ipsam adipisci et error vero amet nihil ea.', 3, '2019-02-01 04:41:26', '2019-02-01 04:41:26'),
(32, 41, 'Nolan Braun', 'Omnis ut nihil qui cum assumenda in. Iste dolores vitae dicta harum voluptatem dolorem iste. Tempore qui qui assumenda.', 5, '2019-02-01 04:41:26', '2019-02-01 04:41:26'),
(33, 8, 'Lenore Hayes', 'Qui illo sed aut nostrum. Consequatur dolore rem ipsum consequatur. Dolor doloremque qui aut accusamus et. Nesciunt necessitatibus autem praesentium corporis rem dolore.', 0, '2019-02-01 04:41:26', '2019-02-01 04:41:26'),
(34, 10, 'Laisha Macejkovic', 'Eum aut debitis aliquam laboriosam nisi repellendus modi. Iste blanditiis tenetur temporibus placeat harum autem et. Rerum ut et ullam labore. Facere alias magni perspiciatis aperiam consectetur aut.', 5, '2019-02-01 04:41:26', '2019-02-01 04:41:26'),
(35, 31, 'Miss Daisha Keeling II', 'Accusantium est dolores fuga. Sint non nulla perferendis. Perspiciatis nam dolores eius hic quia sit.', 0, '2019-02-01 04:41:26', '2019-02-01 04:41:26'),
(36, 41, 'Mr. Elwyn Mitchell MD', 'Nulla praesentium aut asperiores. Ut ipsum non blanditiis. Neque et ea eum.', 2, '2019-02-01 04:41:26', '2019-02-01 04:41:26'),
(37, 3, 'Brenna Schulist DDS', 'Libero dolorem perferendis sit. In ut et quis sequi et officia velit. Mollitia illum non est voluptates molestias amet esse.', 2, '2019-02-01 04:41:26', '2019-02-01 04:41:26'),
(38, 3, 'Louie Boehm', 'Et a tempora nobis consequuntur blanditiis. Nulla aut et vero officiis eligendi fuga. Quia et aliquid odit vel corporis et inventore. Ipsam deleniti aut fugiat atque ea ut. Commodi distinctio aperiam vero et.', 2, '2019-02-01 04:41:26', '2019-02-01 04:41:26'),
(39, 13, 'Mr. Thomas Shanahan DDS', 'Incidunt at eum facere iusto quia aut quia blanditiis. Facere libero nostrum ut ea eligendi voluptas provident. Animi necessitatibus voluptate quos laboriosam quidem et. Alias ut est corporis unde.', 5, '2019-02-01 04:41:26', '2019-02-01 04:41:26'),
(40, 49, 'Prof. Houston Cruickshank', 'Sunt laudantium et tempore omnis maiores. Nisi possimus qui ut ut aliquid. Est odit voluptas hic eaque reiciendis doloremque sed consequatur. Amet qui esse voluptas.', 3, '2019-02-01 04:41:26', '2019-02-01 04:41:26'),
(41, 43, 'Aaliyah Sipes', 'Blanditiis modi quaerat molestiae animi autem. In omnis nihil cum ipsam molestiae omnis. Sequi qui aut exercitationem praesentium esse dolor. Error unde exercitationem non doloribus doloremque.', 1, '2019-02-01 04:41:26', '2019-02-01 04:41:26'),
(42, 13, 'Winnifred Donnelly', 'Qui id quis veniam velit nemo natus. Natus autem inventore deserunt accusamus et asperiores. Voluptatibus alias blanditiis dolorum unde delectus tenetur recusandae reprehenderit. Expedita et ipsam at soluta incidunt qui.', 3, '2019-02-01 04:41:26', '2019-02-01 04:41:26'),
(43, 31, 'Dr. Darrel Homenick V', 'Maiores inventore molestias deleniti. Quia cum adipisci aut debitis omnis labore. Magnam aspernatur sit et sit quaerat.', 5, '2019-02-01 04:41:26', '2019-02-01 04:41:26'),
(44, 49, 'Delta Little', 'Vel libero id dolores. Illum harum ipsum similique inventore doloremque error minima. Ea ut consequatur officia tempora harum.', 2, '2019-02-01 04:41:26', '2019-02-01 04:41:26'),
(45, 43, 'Brody Kulas', 'Quas dolores maiores dolores harum hic ex. Repellendus sed omnis saepe itaque aliquam dolorem. Placeat aliquam molestiae autem doloribus omnis quo quia expedita.', 3, '2019-02-01 04:41:26', '2019-02-01 04:41:26'),
(46, 18, 'Zola Johnson', 'Aut explicabo aut non sequi commodi. Ipsa exercitationem est eius eum odio voluptatem. Exercitationem qui optio eum omnis eos.', 5, '2019-02-01 04:41:26', '2019-02-01 04:41:26'),
(47, 32, 'Darion Kuhlman', 'Ipsam similique nam sit aut ea sit. Accusamus modi eius est sit omnis dolores fugit. Rerum reprehenderit in voluptas non fuga.', 2, '2019-02-01 04:41:26', '2019-02-01 04:41:26'),
(48, 20, 'Lou Welch', 'Voluptas doloremque explicabo quidem impedit est eum qui. Ipsa debitis qui omnis consequatur dolores quia.', 2, '2019-02-01 04:41:26', '2019-02-01 04:41:26'),
(49, 33, 'Brant Stoltenberg DVM', 'Vel suscipit explicabo aut dolorem consequuntur accusantium explicabo. Officia odit quo excepturi consequatur harum illum atque. Voluptatem dolor laboriosam eligendi iste.', 0, '2019-02-01 04:41:26', '2019-02-01 04:41:26'),
(50, 29, 'Dusty Kiehn', 'Qui blanditiis dolorem voluptatem consectetur pariatur perspiciatis. Ex quibusdam magni blanditiis rerum cum quo. Cupiditate modi architecto praesentium consequuntur. Voluptas doloremque et unde sint blanditiis.', 0, '2019-02-01 04:41:26', '2019-02-01 04:41:26'),
(51, 46, 'Zetta Boyer', 'Nesciunt dolorem enim veritatis ad dignissimos. Iure facere impedit molestiae omnis. Sunt ab atque ullam repudiandae impedit voluptatem.', 3, '2019-02-01 04:41:26', '2019-02-01 04:41:26'),
(52, 16, 'Samantha Corwin', 'Ducimus aut impedit ea. Enim aut architecto aut maiores.', 3, '2019-02-01 04:41:26', '2019-02-01 04:41:26'),
(53, 31, 'Prof. Shanelle Ledner MD', 'Voluptas possimus repellat quaerat deleniti ipsam. Id sit vel qui mollitia ullam quo. Molestiae dolorem facere et illum quisquam.', 5, '2019-02-01 04:41:26', '2019-02-01 04:41:26'),
(54, 20, 'Mrs. Marlee Wolff DVM', 'Nulla optio quae eaque dolorem. Distinctio aut temporibus nostrum ut.', 5, '2019-02-01 04:41:26', '2019-02-01 04:41:26'),
(55, 45, 'Elouise Turner', 'Atque dolorem itaque quia magnam. Voluptate rerum aspernatur asperiores.', 0, '2019-02-01 04:41:26', '2019-02-01 04:41:26'),
(56, 2, 'Lessie Rice', 'Quisquam dolores omnis voluptas necessitatibus quo cupiditate enim. Id consequuntur et ut eos. Nobis est qui omnis id culpa expedita.', 4, '2019-02-01 04:41:26', '2019-02-01 04:41:26'),
(57, 25, 'Dr. Karson Mitchell MD', 'Harum natus non praesentium esse expedita. Doloribus placeat molestiae unde blanditiis. Est voluptates et aut nemo perspiciatis hic. Corporis aut libero rerum quo dolor.', 0, '2019-02-01 04:41:26', '2019-02-01 04:41:26'),
(58, 21, 'Nels Jenkins', 'Molestiae et odio dolorum quis eligendi ut numquam dolorem. Nesciunt doloribus excepturi necessitatibus et illum non omnis. Autem labore id nihil nulla.', 5, '2019-02-01 04:41:26', '2019-02-01 04:41:26'),
(59, 3, 'Jolie Tromp Sr.', 'Rerum at incidunt praesentium soluta dolorem consequatur atque ab. Qui eligendi facere rem maiores dolore qui. Perspiciatis dolor repellendus accusantium et voluptatem quam dolor.', 3, '2019-02-01 04:41:26', '2019-02-01 04:41:26'),
(60, 20, 'Prof. Ed Hayes', 'Voluptas saepe tempore blanditiis facilis expedita quod. Ut quaerat est iusto a et deleniti. Harum eos facilis eaque.', 1, '2019-02-01 04:41:26', '2019-02-01 04:41:26'),
(61, 47, 'Kristina Cormier', 'Nam temporibus debitis molestias nesciunt. Sint error est est. Quas minus dolor modi et. Iusto nesciunt totam et placeat nihil vel.', 4, '2019-02-01 04:41:26', '2019-02-01 04:41:26'),
(62, 49, 'Prof. Napoleon Kertzmann III', 'Rerum autem veniam et praesentium sunt. Omnis quo debitis ut temporibus. Numquam excepturi libero est quasi eum hic. Animi odit voluptatem sequi ut esse qui quo. Non qui voluptatem sit et sint.', 2, '2019-02-01 04:41:26', '2019-02-01 04:41:26'),
(63, 29, 'Rosario Gleason', 'Vero quam sit voluptatem voluptas. Ea quia eveniet quia. Et nihil quos et occaecati autem ad laboriosam ea. Et totam ea veritatis quisquam asperiores laudantium aliquid.', 3, '2019-02-01 04:41:26', '2019-02-01 04:41:26'),
(64, 36, 'Norene Will', 'Fugiat distinctio neque consequatur quia numquam fugiat. Labore soluta eum id molestias dolorem et provident. Aut sed alias delectus tempora voluptatibus. Et optio commodi est. Voluptatibus ea nemo ratione eos ipsum ad.', 1, '2019-02-01 04:41:26', '2019-02-01 04:41:26'),
(65, 37, 'Gilberto Rau', 'Quia vel iste qui repellendus non. Non eos non quos cum error veniam vel debitis. Eaque impedit officiis maiores inventore. Nesciunt saepe quia exercitationem repellendus in debitis ut.', 4, '2019-02-01 04:41:26', '2019-02-01 04:41:26'),
(66, 17, 'Mallie Dicki', 'Tempora dolor unde aut quia. Maxime culpa dolorem dolor quisquam expedita. Aliquid ipsum libero omnis et rerum. Aliquid id et iusto quidem. Vel dolorem molestias in voluptas.', 1, '2019-02-01 04:41:26', '2019-02-01 04:41:26'),
(67, 17, 'Earlene Schamberger', 'Rerum et cupiditate molestiae voluptatem minus est. Minima aut rem minus reprehenderit dignissimos ipsam autem. Provident et est officiis minus sed voluptatum quo. Labore vel sed non fuga est et esse nihil.', 0, '2019-02-01 04:41:26', '2019-02-01 04:41:26'),
(68, 8, 'Cassidy Ondricka MD', 'Libero quisquam nesciunt magni eaque facilis eum vero. Nam nobis aut enim asperiores maxime. Est quidem provident ducimus esse ea minima.', 4, '2019-02-01 04:41:26', '2019-02-01 04:41:26'),
(69, 8, 'Dr. Donavon Hamill MD', 'Eos rerum nemo possimus. Id harum culpa non minus voluptas repudiandae. Necessitatibus illum est quia dolorem cupiditate aut. Dolor sunt est magni. Ea id temporibus quia et asperiores.', 3, '2019-02-01 04:41:26', '2019-02-01 04:41:26'),
(70, 13, 'Lucio Walsh', 'Corporis placeat laboriosam laboriosam reprehenderit quia voluptatibus est. Facere eos voluptatem exercitationem veniam quam asperiores omnis asperiores. Adipisci qui porro numquam. Dolores aut laudantium voluptas sunt.', 3, '2019-02-01 04:41:26', '2019-02-01 04:41:26'),
(71, 11, 'Mr. Coty Glover', 'Et quia exercitationem temporibus perferendis aut in. Itaque sed voluptatem iste voluptate molestiae. Sequi minus quis voluptatem perferendis et autem autem.', 1, '2019-02-01 04:41:26', '2019-02-01 04:41:26'),
(72, 13, 'Stefanie Wolff', 'Ullam enim nihil maiores culpa ut. Delectus magni vel dicta consequatur qui. Iste enim rem et.', 1, '2019-02-01 04:41:26', '2019-02-01 04:41:26'),
(73, 49, 'Leonel Hermiston', 'Aliquid ad consectetur quia ipsa aut et tempore. Magnam et nostrum temporibus. Sunt quo rem inventore fugit. Praesentium omnis quae voluptas ratione omnis aut et facilis.', 1, '2019-02-01 04:41:26', '2019-02-01 04:41:26'),
(74, 5, 'Lydia Russel', 'Est repellendus atque sed eos. Qui sed molestiae blanditiis accusamus veniam quas velit voluptas. Est praesentium quasi ad a neque asperiores quia dolores. Rerum commodi cumque et illum quod id.', 3, '2019-02-01 04:41:26', '2019-02-01 04:41:26'),
(75, 19, 'Mackenzie Kutch', 'Vel minus sunt voluptates eum. Minima possimus debitis voluptate repellendus ut magnam.', 3, '2019-02-01 04:41:26', '2019-02-01 04:41:26'),
(76, 29, 'Ms. Lolita King II', 'Nisi in libero quibusdam corrupti sit debitis eum. Rem omnis nisi voluptate temporibus aut. Assumenda sed nesciunt ut dicta laudantium maiores. Laudantium non commodi nihil explicabo totam fuga velit.', 1, '2019-02-01 04:41:26', '2019-02-01 04:41:26'),
(77, 2, 'Ms. Lera Yost III', 'Totam quia minus rerum. Id officiis et inventore placeat vitae officiis. Eos beatae maxime ut magnam itaque consectetur reiciendis. Sed error minus fugiat nulla similique cupiditate. Modi velit eos soluta ut aut.', 0, '2019-02-01 04:41:26', '2019-02-01 04:41:26'),
(78, 32, 'Stevie Hyatt', 'Ea veritatis voluptatibus dolor nobis qui suscipit atque. Aut veniam commodi dolorum sed numquam voluptate. Autem culpa beatae distinctio doloremque aut.', 5, '2019-02-01 04:41:26', '2019-02-01 04:41:26'),
(79, 1, 'Lonny Aufderhar Sr.', 'Dolores dolorem enim ex tenetur quia cum. Asperiores molestiae quis enim ab eius distinctio veritatis. Est laudantium dolor dolorem dicta ad. Dolorum esse omnis id ipsum impedit.', 5, '2019-02-01 04:41:26', '2019-02-01 04:41:26'),
(80, 35, 'Adelia Denesik MD', 'Corporis ab inventore quis dolor rem cumque aspernatur. Dolores et ipsa voluptatum. Eligendi sunt dolorem quia velit quisquam voluptate molestiae.', 1, '2019-02-01 04:41:26', '2019-02-01 04:41:26'),
(81, 16, 'Mitchell Murray', 'Corporis quod rem a placeat est et optio. Dolor dolorem sint voluptas eum quis debitis ex porro.', 0, '2019-02-01 04:41:26', '2019-02-01 04:41:26'),
(82, 7, 'Damien Deckow', 'Optio dolor occaecati distinctio exercitationem in. Animi eveniet aperiam nihil et ut in. Est non ipsum suscipit quo.', 1, '2019-02-01 04:41:26', '2019-02-01 04:41:26'),
(83, 5, 'Elinore Altenwerth', 'Inventore quia velit ipsam deserunt placeat et fuga. Nam odio quibusdam nam ut aut. Excepturi numquam molestias assumenda voluptatem cupiditate.', 3, '2019-02-01 04:41:26', '2019-02-01 04:41:26'),
(84, 35, 'Miss Thea Larkin', 'Tenetur laudantium perferendis error delectus ut laboriosam. Qui dolores dolorem totam at doloremque ipsam. Optio atque dolore qui quo beatae corporis aut.', 5, '2019-02-01 04:41:26', '2019-02-01 04:41:26'),
(85, 28, 'Miss Cheyanne Williamson PhD', 'Quis vel quam aut autem. Rerum eaque non nesciunt voluptatem iure repellat. Error eius consectetur eaque reiciendis.', 0, '2019-02-01 04:41:26', '2019-02-01 04:41:26'),
(86, 18, 'Magali Schuster', 'Vel quis consequatur sed quas optio et doloribus. Eaque sit et voluptas quidem dicta neque. Debitis repellat aut enim earum.', 3, '2019-02-01 04:41:26', '2019-02-01 04:41:26'),
(87, 14, 'Devan Ebert', 'Dolorum suscipit suscipit voluptatum vitae omnis voluptatem adipisci. Dolor animi vel ullam. Quis at quasi a quia eligendi.', 3, '2019-02-01 04:41:26', '2019-02-01 04:41:26'),
(88, 43, 'Haylie Johns', 'Perspiciatis voluptatem aut non fugit ut ratione voluptate. Consectetur explicabo beatae laborum quia tempora non. Animi enim modi modi quam sunt est cupiditate. Aperiam eius illo possimus molestiae optio dolorem blanditiis eos. Ut officia nam pariatur voluptates ex rerum.', 1, '2019-02-01 04:41:26', '2019-02-01 04:41:26'),
(89, 25, 'Aiden Krajcik', 'Qui natus ut sed aliquid ipsam. Natus unde et ut fuga. Aut et vel eum ipsam aliquam. Aut et et nihil aspernatur sunt cumque. Doloremque inventore vitae quo perferendis.', 5, '2019-02-01 04:41:26', '2019-02-01 04:41:26'),
(90, 44, 'Blaze Watsica', 'Natus reprehenderit consequatur corporis voluptas perferendis rerum asperiores. Fugiat sunt qui ipsum quos. Animi id consequatur aut nihil ipsam vero aut.', 4, '2019-02-01 04:41:26', '2019-02-01 04:41:26'),
(91, 46, 'Horace O\'Reilly PhD', 'Et repudiandae earum est sint ea enim. Facilis repellendus quia et. Veniam nostrum voluptatum vero.', 2, '2019-02-01 04:41:26', '2019-02-01 04:41:26'),
(92, 41, 'Prof. Sigrid Shields II', 'Voluptatem blanditiis qui quas ea hic dolores totam. Consequatur expedita nostrum non voluptatum unde numquam quis. Dolorem iusto pariatur eum esse quia in dolorem. Magni quam hic illo ipsa ea eos tempora. Assumenda commodi aut ex totam illum autem asperiores.', 1, '2019-02-01 04:41:26', '2019-02-01 04:41:26'),
(93, 29, 'Prof. Savanna Fritsch', 'Rerum rerum exercitationem laboriosam aperiam quia. Blanditiis soluta quo et perferendis quis sequi facere. Animi iusto ut consequatur necessitatibus.', 1, '2019-02-01 04:41:26', '2019-02-01 04:41:26'),
(94, 45, 'Dr. Donnell Parisian', 'Ut quia ullam placeat. Occaecati totam aut assumenda fugit. Natus occaecati nihil rem dolore. Aut nisi sapiente assumenda mollitia voluptatum.', 2, '2019-02-01 04:41:26', '2019-02-01 04:41:26'),
(95, 32, 'Dr. Nannie Bechtelar III', 'Quibusdam ea corporis non reiciendis iste rerum. Omnis dolores sapiente perferendis illum. Eum suscipit maxime sint dolores.', 1, '2019-02-01 04:41:26', '2019-02-01 04:41:26'),
(96, 2, 'Nelson Pacocha', 'Adipisci omnis qui incidunt pariatur. Blanditiis eos est dolor quibusdam dolore. Et quos necessitatibus aut optio. Recusandae magnam cupiditate ipsa qui.', 4, '2019-02-01 04:41:26', '2019-02-01 04:41:26'),
(97, 48, 'Quentin Schaden IV', 'Ea recusandae et eum sint cumque non. Labore quis quisquam est cum et. Eius molestiae molestias ab nihil. Tenetur quaerat qui ut culpa.', 2, '2019-02-01 04:41:26', '2019-02-01 04:41:26'),
(98, 26, 'Christelle Mertz', 'Ut quisquam dolorum cum recusandae exercitationem aperiam autem. Et id consequuntur inventore quia nobis alias incidunt. Optio est ut minima ut ut.', 2, '2019-02-01 04:41:26', '2019-02-01 04:41:26'),
(99, 5, 'Rebeca Schroeder', 'Dolorem voluptate molestias voluptas ipsum repellat rerum eos. Debitis eum natus quia qui distinctio temporibus.', 3, '2019-02-01 04:41:26', '2019-02-01 04:41:26'),
(100, 20, 'Kenny Volkman', 'Adipisci aliquam sunt non ea culpa fuga cupiditate. Placeat esse laudantium quis eum in. Quidem dolorem tempore et quo velit qui ut quod. Voluptate quis quidem corrupti suscipit. Unde magni esse voluptatum.', 4, '2019-02-01 04:41:26', '2019-02-01 04:41:26'),
(101, 33, 'Justice Feest', 'Delectus doloremque quaerat nihil modi incidunt nihil et aspernatur. Harum ut voluptatem consequatur delectus quia consequatur.', 3, '2019-02-01 04:41:26', '2019-02-01 04:41:26'),
(102, 8, 'Vergie Greenholt', 'Exercitationem et et ipsa sit aut. Earum numquam ut non quis atque neque rerum. Et et dolore quia iusto itaque. Expedita inventore maiores architecto assumenda.', 4, '2019-02-01 04:41:26', '2019-02-01 04:41:26'),
(103, 43, 'Millie Deckow', 'Magnam dolorem possimus saepe laboriosam pariatur nam. Ipsum dolor voluptatem non. Autem nobis quibusdam corporis aperiam voluptas et. Quo quos dicta voluptatem laborum deleniti dolor.', 3, '2019-02-01 04:41:26', '2019-02-01 04:41:26'),
(104, 39, 'Lauren Harris', 'Magnam voluptas dolore sit vel sit et. Maxime ut ipsam accusantium id fugit laboriosam. Officia aut alias sed numquam aut cupiditate dolorem. Tempora inventore sint sed repellendus.', 0, '2019-02-01 04:41:26', '2019-02-01 04:41:26'),
(105, 17, 'Roxane Hegmann', 'Molestiae nihil ut qui neque consequatur velit. Eaque inventore sint vitae illo asperiores ea. Non cupiditate ducimus magnam labore libero. Nam minus rerum qui reiciendis nostrum quia. Molestiae ipsam eveniet voluptatem quo corporis mollitia.', 1, '2019-02-01 04:41:26', '2019-02-01 04:41:26'),
(106, 47, 'Dr. Denis Stiedemann', 'Dolorem iure atque non tenetur ullam praesentium. Sint reprehenderit sit iste voluptatem.', 3, '2019-02-01 04:41:26', '2019-02-01 04:41:26'),
(107, 43, 'Burnice Corwin', 'Qui ipsum reiciendis amet qui ipsa rem. Laboriosam facere deleniti voluptatibus. Deleniti corporis aliquam inventore necessitatibus quia ipsam temporibus. Odit harum aut molestiae deserunt animi ipsa aliquam error.', 5, '2019-02-01 04:41:26', '2019-02-01 04:41:26'),
(108, 36, 'Mrs. Lizeth Stamm Jr.', 'Quo et blanditiis veritatis iure natus. Sequi qui porro similique et aut.', 5, '2019-02-01 04:41:26', '2019-02-01 04:41:26'),
(109, 8, 'Mr. Johann Dare II', 'Modi modi velit harum dignissimos eius temporibus vitae voluptatum. Illum et porro est quas illum quam commodi. Ut facilis sint quia consequuntur. Enim ducimus qui fuga tempore aspernatur.', 1, '2019-02-01 04:41:26', '2019-02-01 04:41:26'),
(110, 9, 'Manuela Herzog', 'Commodi tenetur aut ut sint aut aut nihil. Deleniti suscipit et maiores. Est minima ex beatae reiciendis eum. Nemo sed alias distinctio dolore enim et.', 0, '2019-02-01 04:41:26', '2019-02-01 04:41:26'),
(111, 21, 'Brendon Erdman', 'Omnis debitis eius dolore est atque eius. Aut quod consequatur ipsam et. Doloremque reprehenderit voluptatem fuga fugiat sed.', 3, '2019-02-01 04:41:26', '2019-02-01 04:41:26'),
(112, 1, 'Carolina Predovic', 'Ipsam consequuntur est explicabo voluptatem. Temporibus eos officiis ab quia explicabo totam. Repudiandae omnis dolorem magni harum.', 1, '2019-02-01 04:41:26', '2019-02-01 04:41:26'),
(113, 48, 'London Maggio', 'Consequuntur nisi eum doloribus quo. Aut in exercitationem tenetur quo fugiat recusandae. Omnis repellat et non sit.', 1, '2019-02-01 04:41:26', '2019-02-01 04:41:26'),
(114, 25, 'Izabella Beahan', 'Voluptatibus dolorem molestias inventore ipsam consequatur consequatur repellat. Laborum repellat corrupti et voluptatem.', 1, '2019-02-01 04:41:26', '2019-02-01 04:41:26'),
(115, 33, 'Sidney O\'Hara', 'Voluptatum veniam temporibus qui. Quo tenetur necessitatibus dolores ullam assumenda nihil eius. Omnis architecto quae sed suscipit assumenda. Reprehenderit qui veniam qui ratione.', 1, '2019-02-01 04:41:26', '2019-02-01 04:41:26'),
(116, 36, 'Yolanda Schaefer', 'Sint rem qui consectetur. Optio mollitia optio porro eaque sint. Aspernatur beatae illo maxime debitis. Suscipit sequi placeat quia et. Sint enim non rem est.', 1, '2019-02-01 04:41:26', '2019-02-01 04:41:26'),
(117, 13, 'Prof. Kendra Nitzsche', 'Et dolor rem provident velit eos autem cum. Aut quibusdam vel eos. Tenetur non nostrum deleniti necessitatibus voluptatibus numquam reprehenderit.', 0, '2019-02-01 04:41:26', '2019-02-01 04:41:26'),
(118, 46, 'Isaiah Rau', 'Quia sed quibusdam consequatur ullam asperiores. Ex soluta omnis dolores dolor aliquid eveniet quia. Mollitia laudantium aperiam velit eum recusandae repudiandae blanditiis. Qui a ipsum deserunt quidem.', 5, '2019-02-01 04:41:26', '2019-02-01 04:41:26'),
(119, 28, 'Isaiah Carroll', 'Voluptatum necessitatibus error veritatis exercitationem et quis. Dolore possimus voluptatum nemo est eligendi non magni nam. Aut similique amet sit minus.', 2, '2019-02-01 04:41:26', '2019-02-01 04:41:26'),
(120, 39, 'Dr. Pink Rath PhD', 'Voluptas non eligendi iste ullam esse non. Cupiditate pariatur ratione eum sed. Non voluptate sit amet. Deserunt cupiditate cupiditate in rem.', 0, '2019-02-01 04:41:26', '2019-02-01 04:41:26'),
(121, 30, 'Richard Stanton', 'Minima sed numquam laborum est consequuntur architecto. Itaque consequatur rerum quia hic. Explicabo et qui odit provident aliquid consequatur repellat.', 5, '2019-02-01 04:41:26', '2019-02-01 04:41:26'),
(122, 41, 'Vivienne Lueilwitz', 'Animi quas accusantium aspernatur autem voluptatum aperiam. Numquam perspiciatis consequatur ea dolores. Debitis quos quod laborum quos eum laboriosam eligendi quidem.', 1, '2019-02-01 04:41:26', '2019-02-01 04:41:26'),
(123, 3, 'Kathlyn Kuhn Sr.', 'Magnam non consequatur aut ipsa et officia natus sequi. Voluptatibus maxime ut repellendus qui eaque eaque est. Corrupti error omnis suscipit quam laudantium quibusdam dolores ut. Quis dolor adipisci ut ut soluta. Reprehenderit saepe voluptatibus tempora adipisci non.', 4, '2019-02-01 04:41:26', '2019-02-01 04:41:26'),
(124, 5, 'Roosevelt Boehm', 'Id dolorem odio sunt eum nisi nesciunt. Deleniti id et voluptatum temporibus ea quos illum.', 5, '2019-02-01 04:41:26', '2019-02-01 04:41:26'),
(125, 49, 'Dawn Kulas', 'Est doloremque commodi labore dolorum dolor. Et voluptatem saepe vitae dolorem et id ut. Iure facere asperiores non consequatur dolore. Quia consectetur aspernatur voluptatum rem amet sunt natus. Sit ratione est sint qui.', 0, '2019-02-01 04:41:26', '2019-02-01 04:41:26'),
(126, 24, 'Carissa Raynor', 'Quaerat sit modi quisquam odit reiciendis omnis mollitia. Voluptatem sint dolorem maxime eos dolorum adipisci at mollitia. Distinctio porro eligendi corrupti alias ab non. Facere placeat enim temporibus minima ut dolore.', 5, '2019-02-01 04:41:26', '2019-02-01 04:41:26'),
(127, 13, 'Prof. Isaiah Herman', 'Beatae minima repellendus magni est. Corporis velit iure facere est neque. Similique qui beatae labore minus aperiam omnis.', 4, '2019-02-01 04:41:26', '2019-02-01 04:41:26'),
(128, 12, 'Isobel Ortiz IV', 'Quasi perspiciatis quod sed nesciunt dolorem. Incidunt totam illum eaque voluptatem et. Itaque nulla aut sint sunt et doloremque. Nihil sit sint quia mollitia dolor sapiente.', 3, '2019-02-01 04:41:26', '2019-02-01 04:41:26'),
(129, 46, 'Ashlee Watsica', 'Praesentium veritatis error quis enim voluptas. Ut ratione eos quas fuga et magni dolorem. Ex eveniet tempore recusandae id porro voluptatum.', 0, '2019-02-01 04:41:26', '2019-02-01 04:41:26'),
(130, 41, 'Mrs. Winona Kunze II', 'Enim magnam expedita autem. Voluptas ut ipsam nihil ab nesciunt et nisi non. Ut iure mollitia doloremque ea omnis et in.', 3, '2019-02-01 04:41:26', '2019-02-01 04:41:26'),
(131, 26, 'Prof. Jaida Glover', 'Itaque et praesentium accusamus qui sit eligendi. Inventore magnam mollitia itaque eum veniam id. Iusto sed est qui dolorem totam.', 0, '2019-02-01 04:41:26', '2019-02-01 04:41:26'),
(132, 48, 'Myrna Stark', 'Necessitatibus et similique ex vero dolore. Quia dolores ullam nobis quibusdam aut quasi. Quaerat placeat consequuntur quia quia quos cupiditate id. Suscipit accusantium assumenda aut saepe.', 4, '2019-02-01 04:41:26', '2019-02-01 04:41:26'),
(133, 13, 'Jennyfer Beahan DDS', 'Repudiandae ab sunt quae tenetur. Quidem quia tempora est corporis explicabo voluptatem. Necessitatibus ipsam et culpa et possimus vel voluptatem.', 1, '2019-02-01 04:41:26', '2019-02-01 04:41:26'),
(134, 17, 'Cordell Mraz', 'Similique magnam et explicabo enim ut ab velit. Aut fugit odio quas ullam est. Ea aliquam quod velit.', 3, '2019-02-01 04:41:26', '2019-02-01 04:41:26'),
(135, 19, 'Louvenia Fritsch', 'Doloribus assumenda sint asperiores est optio eum. Odio doloremque ratione sint deleniti. Eum eaque minus sapiente vel esse voluptatem. Eum perspiciatis quaerat aut pariatur aperiam qui.', 5, '2019-02-01 04:41:26', '2019-02-01 04:41:26'),
(136, 33, 'Mrs. Kassandra Crona Sr.', 'Velit voluptas assumenda architecto atque id. Aperiam quisquam quas accusantium. Maiores eos impedit dolore voluptatem inventore perspiciatis. Iste amet eius consequatur voluptas labore qui omnis. Laborum fugit culpa consequatur tenetur est.', 2, '2019-02-01 04:41:26', '2019-02-01 04:41:26'),
(137, 12, 'Dr. Dan Mante II', 'Qui qui rerum repudiandae voluptatem. Cupiditate maxime optio omnis aperiam. Nihil et ipsa autem ab expedita.', 0, '2019-02-01 04:41:26', '2019-02-01 04:41:26'),
(138, 4, 'Matt Dickens Jr.', 'Impedit autem sequi qui vel inventore sed. Eveniet consequatur dignissimos alias accusamus. Nihil ut omnis possimus possimus.', 1, '2019-02-01 04:41:26', '2019-02-01 04:41:26'),
(139, 21, 'Marina Lowe', 'Sint suscipit nihil pariatur corrupti. Itaque libero fugit eveniet sit accusamus impedit. Distinctio nihil alias dicta repudiandae nostrum ea suscipit esse.', 2, '2019-02-01 04:41:26', '2019-02-01 04:41:26'),
(140, 10, 'Dave Auer', 'Repellat velit est aut consectetur voluptas. Et sit quas accusamus quisquam sunt voluptatem. Dolorem similique earum sint et vitae laboriosam accusantium qui. Veritatis ullam quia aliquam voluptatem.', 0, '2019-02-01 04:41:26', '2019-02-01 04:41:26'),
(141, 46, 'Moses Cartwright DVM', 'Commodi quis aut quia excepturi. Vero assumenda incidunt aut nulla iste. Ducimus minima omnis occaecati rerum perspiciatis. Quas autem sunt quia temporibus quis voluptatum accusamus.', 4, '2019-02-01 04:41:26', '2019-02-01 04:41:26'),
(142, 32, 'Nayeli Crona', 'Autem tempora et ut repudiandae. Adipisci et voluptatem reprehenderit cupiditate ut. Vel saepe eos omnis non expedita perferendis quidem. Aut non magnam ipsam quasi reprehenderit nulla. Necessitatibus autem iure vitae delectus soluta.', 5, '2019-02-01 04:41:26', '2019-02-01 04:41:26'),
(143, 15, 'Ms. Maryam Kirlin PhD', 'Et aut accusamus velit temporibus. Nihil consectetur adipisci sint molestiae sit et consequuntur. Quo quos fugit eos vel eos et mollitia. Animi qui ut iste harum laboriosam.', 2, '2019-02-01 04:41:26', '2019-02-01 04:41:26'),
(144, 16, 'Jaylon Kovacek', 'Atque id perferendis aut voluptate ducimus voluptate earum qui. Odio porro quam error quo expedita delectus quo esse. Eveniet corrupti asperiores ullam fuga.', 4, '2019-02-01 04:41:26', '2019-02-01 04:41:26'),
(145, 24, 'Brooks Kertzmann', 'Et iste nulla expedita aut. Repellendus necessitatibus aut tenetur aut quisquam voluptatem blanditiis. Ut minus ut dolores vel voluptatem voluptatem corrupti. Tempora sit sint iste omnis nihil qui. Fugit sunt ab ab.', 2, '2019-02-01 04:41:26', '2019-02-01 04:41:26'),
(146, 32, 'Dr. Nicole Konopelski', 'Omnis quisquam voluptatum nesciunt magni vel magni sed. Et quisquam fugit culpa voluptatem et magni dolores modi. Amet nulla minima ex.', 2, '2019-02-01 04:41:26', '2019-02-01 04:41:26'),
(147, 49, 'Larue Herman', 'Ad sit illum ab est quia enim. Animi omnis tempora iusto dolores quos. Labore commodi numquam quia suscipit deleniti alias iusto.', 0, '2019-02-01 04:41:26', '2019-02-01 04:41:26'),
(148, 18, 'Raymundo Braun', 'Exercitationem veniam non et numquam reiciendis dicta. Debitis et totam iusto. Eum rerum voluptas et commodi.', 0, '2019-02-01 04:41:26', '2019-02-01 04:41:26'),
(149, 20, 'Tyreek Wolf', 'Est et corrupti blanditiis. Optio sapiente omnis voluptate mollitia voluptatem. Perspiciatis qui cum et officiis cum dolore repellat. Dolores similique in quos.', 4, '2019-02-01 04:41:26', '2019-02-01 04:41:26'),
(150, 12, 'Dr. Ransom Goldner DDS', 'Expedita et iure dolorum. A voluptatibus mollitia velit corrupti. Voluptatem delectus sed dolorum. Accusantium dicta praesentium sapiente sequi.', 4, '2019-02-01 04:41:26', '2019-02-01 04:41:26'),
(151, 49, 'Rosie Stehr', 'Esse et nulla quasi omnis assumenda occaecati quia et. Culpa sed repellendus voluptatem sunt exercitationem. Mollitia in sint nostrum in.', 4, '2019-02-01 04:41:26', '2019-02-01 04:41:26'),
(152, 36, 'Dariana D\'Amore', 'Qui quaerat tempore molestiae omnis id atque vel. Omnis praesentium repellendus non et et.', 2, '2019-02-01 04:41:26', '2019-02-01 04:41:26'),
(153, 22, 'Vivienne Hudson', 'Repudiandae soluta tenetur quam ipsum eum vitae. Cum voluptates beatae cum quasi iusto vel laboriosam. Tempora dolorem aliquid saepe est. Corporis et ex odit corrupti et et.', 2, '2019-02-01 04:41:26', '2019-02-01 04:41:26'),
(154, 17, 'Mariana Boyer', 'Officia perferendis dolores sit quis sed voluptas. Odit molestiae est fugiat officiis laboriosam ut. Beatae molestiae iure ut quos est. Laudantium est eum quibusdam repellendus eos veritatis ut.', 3, '2019-02-01 04:41:26', '2019-02-01 04:41:26'),
(155, 5, 'Kayley Schimmel', 'Fugiat quo laudantium hic optio. Sed molestiae est iusto nesciunt pariatur debitis. Placeat ut optio id porro deserunt inventore. Quisquam praesentium est cum vel incidunt.', 3, '2019-02-01 04:41:26', '2019-02-01 04:41:26'),
(156, 44, 'Bernadette Koepp', 'Consequuntur veritatis suscipit fugit dignissimos. Harum iusto quia ullam et. Animi laudantium exercitationem aliquam aut in quia veniam.', 5, '2019-02-01 04:41:26', '2019-02-01 04:41:26'),
(157, 1, 'Dr. Angelo Parker', 'Sed quam occaecati labore in quasi sed et. Est eius quos nihil. Iure hic aut consectetur sint ea fuga. Eum amet eligendi veritatis neque.', 5, '2019-02-01 04:41:26', '2019-02-01 04:41:26'),
(158, 37, 'Mr. Jeffery Veum', 'Nesciunt ex porro qui ex occaecati consequatur. Et repudiandae molestias corrupti fuga. Nihil et veniam qui et provident.', 4, '2019-02-01 04:41:26', '2019-02-01 04:41:26'),
(159, 27, 'Marielle Leannon', 'Velit eaque facilis debitis natus rerum maiores. Mollitia repellendus provident quo error est doloribus. Aut aut est ea occaecati. Qui soluta veniam dolorem similique et. Nam accusantium ut delectus modi natus dolorum corrupti consectetur.', 3, '2019-02-01 04:41:26', '2019-02-01 04:41:26'),
(160, 50, 'Dr. Owen Brown', 'Dignissimos nam vero exercitationem id. Facilis sed occaecati at et sunt voluptatem. Voluptas quia in sint vero velit blanditiis repudiandae. Laudantium rem aut autem quia explicabo odio earum.', 2, '2019-02-01 04:41:26', '2019-02-01 04:41:26'),
(161, 3, 'Mr. Enoch Predovic III', 'Amet dolorem in aliquam sed illum. Tenetur dolorum distinctio velit quaerat dolores nostrum. Aut nostrum dolore dolor.', 0, '2019-02-01 04:41:26', '2019-02-01 04:41:26'),
(162, 33, 'Mrs. Karli McLaughlin DDS', 'Et dolorem tempora ex rerum sint autem. Qui consequatur adipisci cum ratione. Qui consequuntur veritatis eum enim. Dolores atque nihil sequi est qui exercitationem.', 5, '2019-02-01 04:41:26', '2019-02-01 04:41:26'),
(163, 40, 'Domingo Jacobson', 'Dicta aliquam doloribus non dicta quidem eos. Amet autem sit voluptatem temporibus. Ex expedita voluptas laudantium totam. Vel ad esse dolor provident consectetur.', 4, '2019-02-01 04:41:26', '2019-02-01 04:41:26'),
(164, 43, 'Kailey Lang DDS', 'Minima labore adipisci at rem ab doloremque. Magnam reprehenderit iste distinctio corporis aut aperiam ut. Quia qui eos id eum. Esse et nesciunt sed qui eum eligendi.', 1, '2019-02-01 04:41:26', '2019-02-01 04:41:26'),
(165, 43, 'Mrs. Lyda Stiedemann', 'Quia consequatur deleniti est beatae. Rem blanditiis id eum est et. Non praesentium impedit et itaque.', 0, '2019-02-01 04:41:26', '2019-02-01 04:41:26'),
(166, 30, 'Prof. Ricky Schoen IV', 'Dicta a et minima illum quia expedita perferendis. Mollitia facere quis vel eius voluptas quas. Et repudiandae voluptatem similique incidunt at.', 3, '2019-02-01 04:41:26', '2019-02-01 04:41:26'),
(167, 21, 'Mr. Moshe Mosciski', 'Dolor error architecto iusto adipisci et aliquid iusto. Autem expedita voluptas omnis perspiciatis. Alias quo et saepe. Ipsa laudantium doloremque omnis dolor sed quaerat. Eligendi et voluptatem exercitationem.', 1, '2019-02-01 04:41:26', '2019-02-01 04:41:26'),
(168, 45, 'Dr. Kaycee Hudson', 'Ut commodi nam voluptatem odio et rem. Omnis magni explicabo delectus ex ipsa vero. Id blanditiis incidunt nihil minus doloribus. Sunt ut necessitatibus suscipit veritatis exercitationem occaecati harum sint.', 3, '2019-02-01 04:41:26', '2019-02-01 04:41:26'),
(169, 24, 'Ivy Reynolds', 'Qui animi odio qui non. Ut labore quo qui aliquid occaecati quae officia iste. Molestiae voluptatem unde enim ab et.', 4, '2019-02-01 04:41:26', '2019-02-01 04:41:26'),
(170, 6, 'Garry Predovic', 'Nobis nisi qui quidem asperiores est voluptas ex. Quaerat aut adipisci fugit aliquid qui tempore. Quia dolor dignissimos enim consequatur deleniti dolores quo. Qui eum repellendus harum vel ullam incidunt quis. Voluptatem laudantium odio rerum similique ut error maxime.', 4, '2019-02-01 04:41:26', '2019-02-01 04:41:26'),
(171, 30, 'Emie Nienow', 'Atque exercitationem animi magnam laboriosam. Natus praesentium quidem quia dolor velit corporis sed. Nostrum praesentium dignissimos asperiores quibusdam doloremque ipsa. Impedit error rerum id et dolor. Voluptatibus corporis vero repellendus dolores officiis molestiae voluptatem soluta.', 5, '2019-02-01 04:41:26', '2019-02-01 04:41:26'),
(172, 21, 'Narciso Morar', 'Eius voluptas sit odit accusamus ullam labore sed suscipit. Officiis enim consequatur culpa fugit blanditiis.', 5, '2019-02-01 04:41:26', '2019-02-01 04:41:26'),
(173, 37, 'Kaela Wintheiser', 'Porro rerum adipisci officiis ipsa sed necessitatibus quibusdam. Nesciunt eos accusamus exercitationem iusto facere aut. Amet non asperiores nihil non asperiores temporibus. Rem quis amet quos corporis similique.', 5, '2019-02-01 04:41:26', '2019-02-01 04:41:26'),
(174, 14, 'Mr. Olen Orn DDS', 'Aut et occaecati autem voluptatem. Corporis non eligendi numquam sequi. Officiis blanditiis aut rerum nobis iusto asperiores ipsum aperiam.', 1, '2019-02-01 04:41:26', '2019-02-01 04:41:26'),
(175, 41, 'Prof. Harmon Reynolds', 'Nesciunt dolor ullam voluptates quod molestiae qui laborum. Dolor quo velit alias atque. Ut aut fugiat sed voluptas.', 2, '2019-02-01 04:41:26', '2019-02-01 04:41:26'),
(176, 16, 'Nathan Stehr', 'Id est ipsa et. Nostrum omnis qui quos quaerat in nulla. Et sunt quia vel id. A molestiae omnis et et in consequuntur minima ut. Exercitationem sapiente sed voluptatem pariatur ipsa qui.', 5, '2019-02-01 04:41:26', '2019-02-01 04:41:26'),
(177, 7, 'Carissa Collier', 'Quia totam quibusdam nam distinctio aut consequatur. Quidem cumque esse maxime qui. Eos laborum quia fugiat aliquam libero deserunt qui asperiores. Vitae sed esse ullam quo.', 1, '2019-02-01 04:41:26', '2019-02-01 04:41:26'),
(178, 35, 'Prof. Ashlee Grady', 'Minima similique dolor impedit quae illo corrupti. Occaecati omnis non dolorem sunt quasi. Sunt odio similique accusamus omnis. Autem omnis laborum minus illo.', 5, '2019-02-01 04:41:26', '2019-02-01 04:41:26'),
(179, 9, 'Dr. Alford Ratke I', 'Aut voluptas sunt qui et. Temporibus sit et distinctio debitis vel necessitatibus repudiandae. Nihil provident eligendi voluptatem quaerat mollitia consequatur natus.', 5, '2019-02-01 04:41:26', '2019-02-01 04:41:26'),
(180, 15, 'Bill Corwin', 'Blanditiis at natus molestiae molestiae. Placeat incidunt quia exercitationem sequi. Officiis dolorum perferendis deleniti numquam laboriosam facere quisquam. Aliquid reprehenderit necessitatibus et error recusandae rerum et ab.', 5, '2019-02-01 04:41:26', '2019-02-01 04:41:26'),
(181, 22, 'Mariano Trantow IV', 'Consequatur architecto ut et. Ea minima nemo incidunt libero quia nulla. Nihil accusantium cum eos impedit dolor magni quidem.', 5, '2019-02-01 04:41:26', '2019-02-01 04:41:26'),
(182, 10, 'Prof. Minerva Kunde PhD', 'Est quo ipsam nam deleniti earum unde corrupti. Similique nostrum quo voluptatem numquam error veritatis. Blanditiis odio aut accusantium dolorem aut et.', 4, '2019-02-01 04:41:26', '2019-02-01 04:41:26'),
(183, 10, 'Greta Hamill', 'Suscipit voluptas sint assumenda sint. A corporis assumenda iste. Qui ipsum nostrum deleniti sit.', 1, '2019-02-01 04:41:26', '2019-02-01 04:41:26'),
(184, 48, 'Mr. Chauncey Frami', 'Unde voluptatem et dolore placeat. Deserunt voluptatem nemo tempora et esse nam quod tempora. Occaecati laborum asperiores temporibus qui. Et sunt voluptas debitis non ratione architecto quibusdam.', 5, '2019-02-01 04:41:26', '2019-02-01 04:41:26'),
(185, 47, 'Antwon Deckow', 'Soluta ipsam quo id fuga sint quaerat. Pariatur eaque fugit enim rerum.', 4, '2019-02-01 04:41:26', '2019-02-01 04:41:26'),
(186, 22, 'Dr. Tyrell Larkin', 'Sed et dolores quisquam consequuntur totam quidem eligendi. Dolores porro velit hic odio fugiat. Aut est ex sapiente at voluptatem aut dicta dolores.', 2, '2019-02-01 04:41:26', '2019-02-01 04:41:26'),
(187, 39, 'Patsy Simonis Jr.', 'Veniam quo quidem beatae officiis ut saepe. Maxime quia et officia libero. Eveniet deleniti tenetur rerum sit.', 3, '2019-02-01 04:41:26', '2019-02-01 04:41:26'),
(188, 23, 'Dr. Reed Kihn Jr.', 'Necessitatibus corporis quia eos qui ut. Error rerum est unde. Qui voluptatem nam sit ipsum harum.', 1, '2019-02-01 04:41:26', '2019-02-01 04:41:26'),
(189, 38, 'Ms. Abigail Hansen II', 'Enim ut tenetur ab aliquid occaecati autem odio. Numquam harum tempora hic non sit rerum. Quia quis ut et.', 4, '2019-02-01 04:41:26', '2019-02-01 04:41:26'),
(190, 19, 'Prof. Golda Brekke', 'Incidunt excepturi sed ut dolores reiciendis consequatur culpa. Quam veritatis aperiam dolores aperiam fuga. Non quod fuga libero eius itaque corporis omnis. Sint quasi officiis excepturi eos quae repellendus velit. Fugiat sed aut id maxime in magni.', 4, '2019-02-01 04:41:26', '2019-02-01 04:41:26'),
(191, 24, 'Alycia Lueilwitz', 'Vel magni et provident explicabo sed omnis laboriosam. Rerum tempora consequatur aliquam suscipit.', 1, '2019-02-01 04:41:26', '2019-02-01 04:41:26'),
(192, 26, 'Dena Rippin', 'Repudiandae dolores fuga dignissimos ut quis soluta reprehenderit. Vel dolor molestias molestias distinctio doloribus dolorem. Cum aliquam voluptatem sit aut eveniet. Aut molestias veritatis quam placeat sit. Et eaque quia sed qui.', 3, '2019-02-01 04:41:26', '2019-02-01 04:41:26'),
(193, 26, 'Addie Stanton PhD', 'Numquam veritatis quia accusantium voluptas pariatur commodi blanditiis. Consequatur maiores ea rerum vel sunt debitis aperiam. Sit distinctio asperiores nihil magni unde.', 5, '2019-02-01 04:41:26', '2019-02-01 04:41:26'),
(194, 6, 'Celestino Schaefer', 'Quis tempora maxime voluptas sunt non ut quo. Consequatur laborum nihil quos libero. Rerum sed vel exercitationem qui alias et. Ipsam debitis quia aut quidem voluptates velit necessitatibus.', 2, '2019-02-01 04:41:26', '2019-02-01 04:41:26'),
(195, 8, 'Marcia Vandervort', 'Vero est numquam quasi sunt. Voluptatem culpa officia sit voluptas repudiandae. Labore est minima voluptatem ut nobis eum voluptatem. Ut mollitia veritatis facilis.', 2, '2019-02-01 04:41:26', '2019-02-01 04:41:26'),
(196, 48, 'Wilson Huels V', 'Cum facilis voluptate et quaerat maiores praesentium. Voluptates itaque est fuga nostrum cumque. Consequatur sunt perferendis qui et dolores. Explicabo in autem iusto sunt quam.', 3, '2019-02-01 04:41:26', '2019-02-01 04:41:26'),
(197, 47, 'Jesse Halvorson', 'Aliquid consequatur veniam architecto quod. Unde eveniet qui omnis quia amet.', 4, '2019-02-01 04:41:26', '2019-02-01 04:41:26'),
(198, 15, 'Joan Kuphal', 'Tempore praesentium error animi ut. Voluptatem similique voluptatem in suscipit in. Ullam ut aut voluptatem et et laudantium dolorem.', 4, '2019-02-01 04:41:26', '2019-02-01 04:41:26'),
(199, 14, 'Mrs. Loraine Marquardt', 'Aspernatur labore beatae voluptas. Quia est reprehenderit cumque aperiam dolores. Quasi et sint consequatur et velit eligendi.', 1, '2019-02-01 04:41:26', '2019-02-01 04:41:26'),
(200, 45, 'Carlotta Spinka', 'Consequatur officia quibusdam est minus velit natus. Ducimus molestiae praesentium itaque cupiditate assumenda et perspiciatis. Sunt pariatur et voluptas aperiam. Aut amet sit quo.', 0, '2019-02-01 04:41:26', '2019-02-01 04:41:26'),
(201, 50, 'Retta Huels', 'Laboriosam quasi in error ut dolores aut non. Omnis velit ut beatae id occaecati illo. Enim ea est et porro.', 0, '2019-02-01 04:41:26', '2019-02-01 04:41:26'),
(202, 32, 'Leatha Jaskolski', 'Doloremque totam libero error quasi sit voluptatum incidunt. Iusto eum ut dolore non. Reiciendis amet rerum quis quo velit vero eum. Qui voluptate suscipit non at eum maiores. Illum esse doloribus autem odio fuga in blanditiis.', 4, '2019-02-01 04:41:26', '2019-02-01 04:41:26'),
(203, 29, 'Miss Marjory Hills', 'Et voluptas reiciendis quisquam dignissimos. Cum at fugiat qui velit. Sit exercitationem et accusamus explicabo fuga alias eligendi. Reprehenderit rerum voluptas eveniet ipsa fugiat unde modi.', 4, '2019-02-01 04:41:26', '2019-02-01 04:41:26'),
(204, 4, 'Macy Strosin', 'Sed eum et aut eaque impedit. Dolore neque consequatur ullam hic praesentium iure. Rerum repudiandae atque ut in facilis quo quos. Et distinctio ducimus officiis quidem.', 0, '2019-02-01 04:41:26', '2019-02-01 04:41:26'),
(205, 36, 'Gloria Kuhlman', 'Voluptatem autem quae tempore quasi. Rem sit commodi expedita cupiditate inventore maxime sed. Voluptatem incidunt sequi velit sequi accusantium. Sapiente libero esse qui mollitia.', 4, '2019-02-01 04:41:26', '2019-02-01 04:41:26'),
(206, 36, 'Dr. Madge Greenholt Jr.', 'Aliquid ex natus nisi quia voluptates aut. Doloribus officia reiciendis nesciunt vel.', 0, '2019-02-01 04:41:26', '2019-02-01 04:41:26'),
(207, 9, 'Dr. Adolph Grady', 'Voluptates autem iusto delectus quia adipisci. Voluptatem reprehenderit fugit et voluptatem quia. Nihil veritatis qui unde quis sed est.', 3, '2019-02-01 04:41:26', '2019-02-01 04:41:26');
INSERT INTO `reviews` (`id`, `product_id`, `customer`, `review`, `star`, `created_at`, `updated_at`) VALUES
(208, 7, 'Murphy Roob', 'Ea mollitia minima quia sunt quisquam et necessitatibus explicabo. Et voluptatem veritatis praesentium quibusdam atque quis quas. Ducimus a eligendi vero modi. Ullam repudiandae minima ut reprehenderit assumenda sapiente vero.', 1, '2019-02-01 04:41:26', '2019-02-01 04:41:26'),
(209, 25, 'Savanah Hammes', 'Sint explicabo blanditiis aspernatur amet sint deserunt. Exercitationem a blanditiis odio porro iste assumenda aut et. Perferendis suscipit eum aut iste expedita quam officiis. Quia laborum nemo modi.', 2, '2019-02-01 04:41:26', '2019-02-01 04:41:26'),
(210, 42, 'Kody Stanton', 'Earum sit consequatur blanditiis placeat ea voluptatibus fugiat. Itaque omnis temporibus odio assumenda qui voluptatibus. Officia non modi voluptate non provident. Reiciendis dolorem quia magni reprehenderit autem repudiandae aut architecto.', 5, '2019-02-01 04:41:26', '2019-02-01 04:41:26'),
(211, 14, 'Regan Abernathy', 'Et nesciunt libero et officiis aspernatur dignissimos est voluptatem. Voluptates qui repellendus dolores voluptates voluptas laboriosam aliquam beatae. Quis accusantium ipsam quis nostrum. Et officia non itaque. Fugiat vel et suscipit maxime ducimus et consectetur.', 1, '2019-02-01 04:41:26', '2019-02-01 04:41:26'),
(212, 2, 'Prof. Theresia Hamill DVM', 'Ipsam rem rerum maiores sit repellat nisi. Nihil quia qui veniam cupiditate consequuntur. Rerum reprehenderit vel accusamus placeat at repellendus ipsam. Beatae et rerum incidunt dolor.', 4, '2019-02-01 04:41:26', '2019-02-01 04:41:26'),
(213, 19, 'Ms. Josiane Stroman II', 'Molestias aut animi culpa nam vitae sed labore et. Molestias exercitationem quia culpa totam. Rem unde sed ipsa.', 3, '2019-02-01 04:41:26', '2019-02-01 04:41:26'),
(214, 22, 'Dr. Torey Homenick PhD', 'Qui corporis numquam libero fuga eos voluptatem et. Quis libero asperiores porro error voluptatem nam. A voluptatibus nemo sunt voluptas.', 4, '2019-02-01 04:41:26', '2019-02-01 04:41:26'),
(215, 4, 'Carolyn Becker', 'Perspiciatis alias occaecati nihil et necessitatibus. Ad velit corporis saepe asperiores vero deserunt et. Aut accusantium qui et et quasi quia.', 5, '2019-02-01 04:41:26', '2019-02-01 04:41:26'),
(216, 5, 'Dr. Arlene Quitzon', 'Voluptatum ut animi et maxime. Veniam est ut porro sit suscipit aut dicta.', 1, '2019-02-01 04:41:26', '2019-02-01 04:41:26'),
(217, 43, 'Lloyd Johns', 'Odio deleniti esse facilis at non qui. Corporis dolorem necessitatibus velit eius nesciunt. Blanditiis et et dolorum porro.', 1, '2019-02-01 04:41:26', '2019-02-01 04:41:26'),
(218, 49, 'Cheyanne Howell', 'Magni perferendis itaque officia sequi vel. Officiis harum voluptates repudiandae dolore et. Eum est enim qui. Voluptas beatae molestias voluptas et. Veniam aut magni deleniti quaerat veniam dolorum.', 4, '2019-02-01 04:41:26', '2019-02-01 04:41:26'),
(219, 19, 'Regan Wiegand', 'Aliquid ab hic consequatur modi necessitatibus ut reprehenderit. Qui quasi quae temporibus molestiae asperiores veritatis qui.', 2, '2019-02-01 04:41:26', '2019-02-01 04:41:26'),
(220, 48, 'Mrs. Margie Fay', 'Alias nemo deserunt mollitia ut molestiae ut. Beatae quia amet iste expedita non amet. Expedita sit libero enim fuga voluptatem rerum voluptates.', 3, '2019-02-01 04:41:26', '2019-02-01 04:41:26'),
(221, 44, 'Dr. Dave Cartwright IV', 'Sint est quidem deserunt odit. Voluptatem reiciendis harum dolores.', 3, '2019-02-01 04:41:26', '2019-02-01 04:41:26'),
(222, 18, 'Ken Kessler', 'Unde animi facilis esse necessitatibus omnis. Voluptatem dolores qui itaque debitis in repellendus fugiat. Dolorem et quas omnis sit placeat. Consectetur enim voluptas quo.', 3, '2019-02-01 04:41:26', '2019-02-01 04:41:26'),
(223, 13, 'Dr. Bryce Shanahan', 'Veniam ullam eaque aliquid non maxime commodi. Temporibus ut commodi maiores maxime asperiores eum dolores. Non harum quos quos natus. Illum quam a et odit minus amet. Harum est quidem natus reprehenderit.', 3, '2019-02-01 04:41:26', '2019-02-01 04:41:26'),
(224, 8, 'Baylee Crooks', 'Dignissimos tempora est nisi beatae. Saepe et explicabo cumque quae sit possimus laboriosam quo. Voluptate velit voluptates est. Autem eaque nihil consequuntur consequatur velit qui nisi.', 2, '2019-02-01 04:41:26', '2019-02-01 04:41:26'),
(225, 26, 'Taylor Pagac', 'Numquam quibusdam architecto consequatur architecto illo id voluptas. Itaque recusandae molestiae rerum quia qui rerum incidunt.', 4, '2019-02-01 04:41:26', '2019-02-01 04:41:26'),
(226, 1, 'Mr. Ryder Mann IV', 'Quos adipisci totam ducimus deserunt delectus. Rerum beatae accusantium corporis qui sunt sit mollitia. Iusto quia praesentium beatae amet perferendis. Sed vel doloremque consequatur et officiis distinctio.', 2, '2019-02-01 04:41:26', '2019-02-01 04:41:26'),
(227, 36, 'Winfield Howe', 'Sunt nisi sapiente occaecati qui aliquam labore. Modi sit voluptas rerum ad vel aperiam.', 4, '2019-02-01 04:41:26', '2019-02-01 04:41:26'),
(228, 13, 'Nicolas Jacobson', 'Fugiat est voluptas dolores provident commodi repudiandae qui. Dignissimos laudantium repellat aut sunt qui quis sit. Eos commodi cupiditate architecto eum voluptas.', 5, '2019-02-01 04:41:26', '2019-02-01 04:41:26'),
(229, 20, 'Brianne O\'Reilly', 'Quibusdam dicta quia vero. In ducimus enim aperiam nam velit maiores eius. Optio quo quaerat quibusdam tempora rerum. Debitis voluptas eaque recusandae facilis.', 0, '2019-02-01 04:41:26', '2019-02-01 04:41:26'),
(230, 5, 'Dr. Meagan Bechtelar', 'Quis at magni sit sunt perferendis. Consequuntur dolores pariatur ipsam ab omnis aliquid debitis. Eligendi omnis rerum porro eaque sequi. Et laudantium quasi commodi esse eaque animi nulla et.', 0, '2019-02-01 04:41:26', '2019-02-01 04:41:26'),
(231, 13, 'Elliot Schoen', 'Quis iure quibusdam quod veniam aut. Odit aliquam nihil voluptatem quae nobis. Consequuntur est qui porro nesciunt eveniet iusto explicabo. Laboriosam soluta ut eum eum perferendis porro.', 4, '2019-02-01 04:41:26', '2019-02-01 04:41:26'),
(232, 8, 'Lonie Leannon Jr.', 'Eum laudantium voluptas voluptate quae debitis rem. Facilis quis placeat id suscipit consectetur commodi. Vel nulla magni id eum totam possimus. Est at laboriosam fugiat perferendis earum numquam dignissimos.', 4, '2019-02-01 04:41:26', '2019-02-01 04:41:26'),
(233, 5, 'Payton Hoppe DDS', 'Quibusdam cumque sunt tempore amet nemo non explicabo. Deserunt molestiae id aperiam id est. Nulla officia voluptas ullam dolorem blanditiis unde ut.', 2, '2019-02-01 04:41:26', '2019-02-01 04:41:26'),
(234, 25, 'Ena Homenick', 'Voluptatibus alias hic repellat consequatur possimus rerum. Officiis sit aut consequuntur accusantium sit accusamus. Autem at culpa aut ut eligendi et eveniet. Rerum aut amet voluptas eligendi non voluptas. Asperiores laboriosam ut dolorum reprehenderit nostrum.', 1, '2019-02-01 04:41:26', '2019-02-01 04:41:26'),
(235, 9, 'Laisha Cruickshank MD', 'Ratione maxime commodi voluptas repellendus. Consequatur tenetur neque est facilis provident consectetur. Similique perspiciatis omnis pariatur sed. Placeat quos fugiat asperiores.', 4, '2019-02-01 04:41:27', '2019-02-01 04:41:27'),
(236, 47, 'Marisa Hahn', 'Molestiae molestias itaque eos voluptas libero et et. Tenetur maiores quis eaque cumque molestiae eligendi explicabo. Fugit et et est recusandae amet similique odit. Perspiciatis ut id deleniti aut eum perspiciatis est.', 4, '2019-02-01 04:41:27', '2019-02-01 04:41:27'),
(237, 49, 'Dr. Ethelyn Turcotte PhD', 'Sit ea molestiae tenetur aliquid. Quae voluptate ullam molestiae velit repudiandae corporis quisquam. Sint aut mollitia libero aspernatur architecto quidem. Aut vel inventore non reiciendis placeat quam.', 4, '2019-02-01 04:41:27', '2019-02-01 04:41:27'),
(238, 49, 'Bart Ruecker Sr.', 'Consectetur nobis animi perferendis voluptas et distinctio accusamus. Est architecto quo in veniam animi porro sed. Odio impedit excepturi ratione voluptatum explicabo voluptatem dolorem laudantium.', 5, '2019-02-01 04:41:27', '2019-02-01 04:41:27'),
(239, 1, 'Nelda Hudson', 'Delectus explicabo delectus voluptates illum doloribus voluptatum illum. Libero magnam molestiae minus odit. Sunt vero beatae ipsam dolore mollitia modi accusantium. Nemo nobis aperiam harum totam.', 3, '2019-02-01 04:41:27', '2019-02-01 04:41:27'),
(240, 3, 'Prof. Edmond Mitchell II', 'Velit et eligendi vitae. Aliquam aut autem possimus aut. Rem perferendis sed assumenda dolor et est. Aut voluptates beatae magnam suscipit quas rerum. Et totam alias voluptatem quos laborum.', 1, '2019-02-01 04:41:27', '2019-02-01 04:41:27'),
(241, 33, 'Dr. Vicenta Swaniawski', 'Corrupti voluptatum aliquid est molestiae ipsum. Architecto debitis eligendi et ad. Voluptatibus qui repellat sit quia.', 4, '2019-02-01 04:41:27', '2019-02-01 04:41:27'),
(242, 44, 'Kenyatta Auer', 'Dignissimos ipsa sint explicabo laborum et minus. Est optio dolorum modi tempora quam animi soluta voluptas. Dolorem perferendis consectetur qui accusamus sit aliquid voluptatem. Reprehenderit in laboriosam non est sint laborum deserunt nam.', 0, '2019-02-01 04:41:27', '2019-02-01 04:41:27'),
(243, 24, 'Prof. Abdul Lindgren Sr.', 'Vel esse sunt ipsum. Sapiente distinctio exercitationem eligendi maiores. Vero quis sapiente aliquam molestias pariatur vero cumque. Optio quam facilis quia est iure consequatur labore.', 4, '2019-02-01 04:41:27', '2019-02-01 04:41:27'),
(244, 41, 'Lyda Dietrich DDS', 'Ab cumque commodi quaerat. Magni ullam eum aliquam. Id et ut exercitationem nostrum id laudantium.', 1, '2019-02-01 04:41:27', '2019-02-01 04:41:27'),
(245, 8, 'Wilbert Gutkowski', 'Repellat vel praesentium rerum quidem odit ut dolorem. Et et repudiandae dolorem voluptatem. Incidunt enim nihil ut.', 0, '2019-02-01 04:41:27', '2019-02-01 04:41:27'),
(246, 24, 'Della Swaniawski DVM', 'Consectetur nisi distinctio quas dolorum quisquam libero. Ut tenetur rerum provident sint aliquid laborum soluta. Autem omnis enim quia quos facilis sapiente quia. Sint dolores cum omnis.', 2, '2019-02-01 04:41:27', '2019-02-01 04:41:27'),
(247, 7, 'Dr. Jacey Stark', 'Maxime esse molestias consequatur est molestiae incidunt quia. Distinctio eveniet alias facilis cumque vitae qui. Temporibus quaerat est dolores alias qui. Odit labore quo quam in labore quo.', 2, '2019-02-01 04:41:27', '2019-02-01 04:41:27'),
(248, 41, 'Newell Quigley', 'Qui rerum assumenda omnis delectus provident id voluptates laboriosam. Dignissimos dolorum eum et voluptatibus qui est voluptatem. Fuga accusantium veritatis molestiae harum voluptas neque voluptatem.', 3, '2019-02-01 04:41:27', '2019-02-01 04:41:27'),
(249, 50, 'Furman Effertz III', 'Quasi quaerat doloremque vel magni et. Consequatur nesciunt hic inventore autem blanditiis nulla excepturi. Culpa aut sunt pariatur provident iure quia natus. Dignissimos iusto et ut ea fugit officiis. Rem repudiandae similique adipisci unde aliquid officiis consectetur.', 1, '2019-02-01 04:41:27', '2019-02-01 04:41:27'),
(250, 8, 'Sarai Rohan', 'Ad unde id debitis quia. Eius error dolore quasi. Cum error magni iusto ipsa ipsa.', 5, '2019-02-01 04:41:27', '2019-02-01 04:41:27'),
(251, 35, 'Breana Trantow', 'Eum recusandae quis explicabo explicabo at. Repudiandae occaecati nisi nihil non eveniet omnis ipsum cumque.', 1, '2019-02-01 04:41:27', '2019-02-01 04:41:27'),
(252, 20, 'Maya Heaney', 'Qui sequi a minus numquam blanditiis voluptate. Veniam corporis enim enim sint quisquam nisi. Consequatur facere nobis omnis qui enim ut dolore. Optio aperiam voluptates explicabo quos et.', 2, '2019-02-01 04:41:27', '2019-02-01 04:41:27'),
(253, 24, 'Francesca Osinski', 'Dicta quis aut vitae minima saepe distinctio ut. Consequatur soluta consequatur maiores. Asperiores ut debitis beatae quasi.', 0, '2019-02-01 04:41:27', '2019-02-01 04:41:27'),
(254, 22, 'Candice Jacobi', 'Sint sequi rerum cum architecto nam qui earum. Natus eum saepe aut incidunt. Illum vel doloribus aut accusantium sit.', 1, '2019-02-01 04:41:27', '2019-02-01 04:41:27'),
(255, 49, 'Nona Considine', 'Voluptates et magnam repudiandae voluptatibus occaecati delectus qui. Dolores est et dolor provident sint. Iusto perferendis voluptates qui debitis hic. Expedita tempora ullam nulla.', 1, '2019-02-01 04:41:27', '2019-02-01 04:41:27'),
(256, 40, 'Prof. Priscilla Bashirian', 'Fugit consequatur ad ut. Rerum in omnis nisi excepturi. Aliquid et repellendus sequi eius enim ut. Corporis et voluptatibus expedita doloremque libero.', 4, '2019-02-01 04:41:27', '2019-02-01 04:41:27'),
(257, 28, 'Crystel Kling', 'Aliquam cum modi perspiciatis commodi. Tempore repellat sit recusandae id.', 2, '2019-02-01 04:41:27', '2019-02-01 04:41:27'),
(258, 42, 'Jermain Hansen', 'Dolorum consequuntur cumque soluta cumque ut reprehenderit. Est quaerat illum labore at ullam voluptas. Sunt quisquam omnis sapiente ea voluptas ipsa repudiandae. Veniam placeat necessitatibus explicabo ad et ipsum at.', 2, '2019-02-01 04:41:27', '2019-02-01 04:41:27'),
(259, 17, 'Dr. Antonietta Lehner I', 'Veniam ratione fugit sunt nostrum unde quo. Incidunt culpa et blanditiis numquam ratione veniam mollitia. Facere commodi sequi sapiente eos laudantium architecto cumque ratione.', 1, '2019-02-01 04:41:27', '2019-02-01 04:41:27'),
(260, 22, 'Daniella Rohan', 'Veritatis dolorem cupiditate qui eveniet aliquam. Veritatis nihil tempora quaerat nisi aut reiciendis.', 2, '2019-02-01 04:41:27', '2019-02-01 04:41:27'),
(261, 23, 'Stephon Sporer', 'Nostrum est debitis totam quo quam impedit maxime cum. Consequatur quo deleniti ea ex blanditiis id vero. Odio quaerat et id odit dolorem. Omnis qui nihil eveniet ducimus quia nisi.', 2, '2019-02-01 04:41:27', '2019-02-01 04:41:27'),
(262, 15, 'Mariano Schmeler', 'Odio praesentium ipsam deleniti veniam dolore. Odit aliquid dolor quisquam sunt modi quo. Voluptatum eaque dolorem eaque eum nobis vel maiores.', 5, '2019-02-01 04:41:27', '2019-02-01 04:41:27'),
(263, 31, 'Angelina Murray', 'Nihil accusamus odio laboriosam aut corrupti. Consequatur voluptates aspernatur sunt eius nemo. Rem et consectetur quo consequatur et voluptas laudantium sit. Quas id consequatur quas.', 2, '2019-02-01 04:41:27', '2019-02-01 04:41:27'),
(264, 44, 'Edd Hand', 'Eos nisi voluptas commodi et. Omnis nemo adipisci qui illum dolor qui. Ipsum nemo est ut veniam ipsum. Beatae tempore eos qui et quaerat dolore eius. Dolore ut sit incidunt quis ullam minima hic.', 1, '2019-02-01 04:41:27', '2019-02-01 04:41:27'),
(265, 47, 'Jerod Larson', 'Autem saepe ab neque ratione earum natus a. Impedit pariatur facilis omnis iure maxime. A itaque sint pariatur.', 3, '2019-02-01 04:41:27', '2019-02-01 04:41:27'),
(266, 13, 'Rafael Hauck', 'Saepe voluptatum autem et assumenda accusamus. Vero nesciunt eum deleniti culpa ipsum voluptatem. Asperiores possimus mollitia voluptatem eveniet iste sed. Blanditiis ut illo nulla fuga animi.', 0, '2019-02-01 04:41:27', '2019-02-01 04:41:27'),
(267, 4, 'Albert Corwin', 'Ut omnis minus dolorem eius id vitae. Quod eum dolores velit deserunt eum deserunt. Aut labore consequatur sint qui qui iste aut. Saepe error nesciunt dignissimos ipsam odio et eum. Ipsam repellat non alias architecto voluptatibus temporibus.', 3, '2019-02-01 04:41:27', '2019-02-01 04:41:27'),
(268, 47, 'Suzanne Langworth', 'Vero explicabo est velit sed expedita vero. Ullam quos eos minima et quis. Nobis quae voluptas praesentium vitae et. Fugit expedita quo ipsum id corporis distinctio repellat.', 3, '2019-02-01 04:41:27', '2019-02-01 04:41:27'),
(269, 28, 'Mr. Alejandrin Mertz', 'Doloremque sed inventore consequatur debitis voluptatem. Minus nulla aliquam dignissimos voluptatibus et quod. Non sapiente quibusdam mollitia consequatur ea. Consequatur sequi doloribus magnam aliquam.', 3, '2019-02-01 04:41:27', '2019-02-01 04:41:27'),
(270, 17, 'Dr. Eudora Kilback MD', 'Aut eligendi accusamus magnam aperiam tenetur suscipit. Voluptatum mollitia accusamus perspiciatis nesciunt odio et. A officiis ea cum voluptatem est voluptatem aut.', 2, '2019-02-01 04:41:27', '2019-02-01 04:41:27'),
(271, 25, 'Amari Walter', 'Aut repellat asperiores illo qui enim aut voluptas. Sit perferendis ut consequatur aliquam. Et dolorum nam asperiores qui assumenda fuga. Pariatur sit quas nesciunt iste perferendis.', 0, '2019-02-01 04:41:27', '2019-02-01 04:41:27'),
(272, 24, 'Prof. Rod Batz Jr.', 'Quae voluptates sit optio sint. Quia beatae laudantium repellendus dolor sed consequatur dolore. Dolorum sit recusandae fugit sed voluptatum corrupti ullam. Et aliquid dolorem cum odio sit eum ut.', 3, '2019-02-01 04:41:27', '2019-02-01 04:41:27'),
(273, 12, 'Michael Price', 'Excepturi ratione vel animi sed blanditiis. Sint est asperiores vero animi. Amet minus voluptatibus dolor cum repellat architecto veniam.', 3, '2019-02-01 04:41:27', '2019-02-01 04:41:27'),
(274, 37, 'Dr. Julian Quigley I', 'Ratione ut eum perferendis aliquam similique qui. Inventore temporibus eligendi ipsum esse dicta totam et. Non iure nesciunt ut quo fuga totam placeat. Voluptas voluptates id possimus eos aut perferendis et a.', 1, '2019-02-01 04:41:27', '2019-02-01 04:41:27'),
(275, 4, 'Mrs. Heaven Pouros DVM', 'Enim voluptatem perferendis iusto nihil et molestias possimus et. Similique est odio explicabo animi alias. Totam vitae enim occaecati non aut nemo. Ut a vel ducimus soluta.', 1, '2019-02-01 04:41:27', '2019-02-01 04:41:27'),
(276, 12, 'Myrl Monahan', 'Provident et facilis inventore accusantium ut. Fuga iure omnis omnis consequatur eveniet. Nihil explicabo tempora vitae illo dolore nihil earum.', 1, '2019-02-01 04:41:27', '2019-02-01 04:41:27'),
(277, 46, 'Deja O\'Reilly', 'Et alias vel fugit nisi. Qui aut eum soluta consequuntur. Officiis sunt consequatur quia laboriosam iste modi. Laboriosam porro sint assumenda omnis quasi.', 4, '2019-02-01 04:41:27', '2019-02-01 04:41:27'),
(278, 36, 'Cortez McCullough', 'Libero facere animi consequuntur alias. Delectus quis et quisquam iusto sed. Amet ducimus sequi esse est.', 2, '2019-02-01 04:41:27', '2019-02-01 04:41:27'),
(279, 37, 'Miss Helga Dietrich', 'Hic sed laudantium dolores magni. Rerum laboriosam accusamus non aliquam. Eos dolorem fugit ut quo dolorum dolores.', 5, '2019-02-01 04:41:27', '2019-02-01 04:41:27'),
(280, 9, 'Miss Shanelle Miller DVM', 'Quis porro vitae ipsum non officiis fuga quaerat. Eum quia minima delectus dignissimos iste.', 0, '2019-02-01 04:41:27', '2019-02-01 04:41:27'),
(281, 33, 'Unique Hane', 'Et non ut exercitationem id. A tempora tenetur nemo illum numquam ut consequatur. Dolor beatae aliquam temporibus provident harum. Et autem enim aut et odit quos.', 4, '2019-02-01 04:41:27', '2019-02-01 04:41:27'),
(282, 43, 'Mr. Enrico Roberts III', 'Sunt quis veritatis hic. Cum quae doloribus ut nihil at. Rerum ut ex et eaque nihil optio. Nisi libero velit aut deserunt totam aut.', 3, '2019-02-01 04:41:27', '2019-02-01 04:41:27'),
(283, 27, 'Madaline Lesch I', 'Deleniti totam dolorem libero voluptate ducimus voluptatibus. Consequatur consequatur veniam nesciunt est. Illo distinctio commodi mollitia neque culpa aperiam vero molestias. Suscipit iusto qui non deserunt aliquam.', 0, '2019-02-01 04:41:27', '2019-02-01 04:41:27'),
(284, 18, 'Anais Jacobi', 'Ut cum sint quisquam nihil accusamus voluptate velit. Distinctio dolorum a minima placeat aliquid et. Iusto libero hic et incidunt.', 5, '2019-02-01 04:41:27', '2019-02-01 04:41:27'),
(285, 28, 'Evan O\'Hara', 'Perferendis doloremque id repudiandae accusamus dicta voluptatum. Explicabo omnis sint excepturi sit debitis hic. Quia distinctio id id quia dignissimos officia ut sed. Quia corporis tempore ad.', 4, '2019-02-01 04:41:27', '2019-02-01 04:41:27'),
(286, 32, 'Prof. Pattie Hessel', 'Non hic rerum optio assumenda quibusdam. Quia et et maxime suscipit amet repudiandae aliquid. Qui maiores cum quia voluptatem veniam omnis. Aspernatur est architecto quo corporis in aspernatur repudiandae. Molestiae voluptatem voluptatum eos dolores est dignissimos.', 4, '2019-02-01 04:41:27', '2019-02-01 04:41:27'),
(287, 8, 'Sammy Powlowski', 'Officiis quaerat alias ipsa molestias. Rem tempora totam vero rerum recusandae fugit sunt. Placeat magnam occaecati rerum nisi ut. Assumenda laudantium doloremque culpa quas sit.', 0, '2019-02-01 04:41:27', '2019-02-01 04:41:27'),
(288, 48, 'Prof. Jermey Schmeler', 'Quasi incidunt vitae deleniti error et consequuntur magnam. Ut repudiandae placeat quasi temporibus distinctio alias.', 0, '2019-02-01 04:41:27', '2019-02-01 04:41:27'),
(289, 18, 'D\'angelo Shanahan', 'Voluptas officia et repellat delectus. Nihil voluptate saepe ut accusamus atque quis fuga minus. Sed exercitationem temporibus eaque facilis et.', 0, '2019-02-01 04:41:27', '2019-02-01 04:41:27'),
(290, 38, 'Jadyn O\'Connell V', 'Voluptas necessitatibus voluptate rerum aspernatur inventore. Modi asperiores voluptatem enim placeat sequi eum laudantium. Porro sed quaerat voluptate dolorem qui saepe. Quia inventore asperiores est omnis adipisci.', 3, '2019-02-01 04:41:27', '2019-02-01 04:41:27'),
(291, 10, 'Prof. Vivian Sporer', 'Quaerat fugit ducimus in. Sit et dolorem et voluptas accusantium eum. Consequatur quidem natus suscipit expedita sit adipisci et.', 0, '2019-02-01 04:41:27', '2019-02-01 04:41:27'),
(292, 46, 'Mr. Mario Grimes DDS', 'Voluptas nihil recusandae repudiandae ratione ut ducimus non. Officiis qui nam nostrum est. Aspernatur saepe sunt odio optio enim omnis.', 2, '2019-02-01 04:41:27', '2019-02-01 04:41:27'),
(293, 25, 'Dr. Johnnie Lynch DDS', 'Nihil esse reprehenderit totam. Et voluptatem deleniti et earum nihil. Dolore officia et natus nesciunt. Et quia tempora voluptatem itaque. Esse possimus enim eos aut.', 0, '2019-02-01 04:41:27', '2019-02-01 04:41:27'),
(294, 3, 'Maida Mann', 'Hic rerum reiciendis cum quaerat magni. Temporibus omnis ipsum molestiae aut excepturi. Saepe consequatur dolorem qui debitis. Adipisci voluptates dolorum temporibus et.', 5, '2019-02-01 04:41:27', '2019-02-01 04:41:27'),
(295, 8, 'Dr. Darion Herman III', 'Dolor fugit voluptas culpa minima aut maiores. Minima id nihil est porro. Nihil et est quo.', 1, '2019-02-01 04:41:27', '2019-02-01 04:41:27'),
(296, 39, 'Rolando Gleason', 'Molestiae et numquam occaecati numquam. Maxime qui rerum laborum voluptatem enim officia.', 1, '2019-02-01 04:41:27', '2019-02-01 04:41:27'),
(297, 46, 'Dr. Grace Schneider Jr.', 'Delectus alias iure laboriosam sapiente. Et consectetur natus ipsam enim vel. Tenetur sed velit voluptatibus velit quo rerum et.', 3, '2019-02-01 04:41:27', '2019-02-01 04:41:27'),
(298, 25, 'Prof. Jay Bechtelar III', 'Sequi et voluptatum rem quod iure sed provident. Ullam et ut perferendis non voluptates nihil. Temporibus quo omnis quam ea eligendi eaque qui fuga.', 4, '2019-02-01 04:41:27', '2019-02-01 04:41:27'),
(299, 22, 'Theo Bailey', 'Dignissimos aperiam sed non voluptas. Rerum vitae mollitia optio possimus delectus. Explicabo quisquam ullam cupiditate sed. Sequi sint quasi corrupti ut ipsam tempore in.', 1, '2019-02-01 04:41:27', '2019-02-01 04:41:27'),
(300, 34, 'Al Dickinson DVM', 'A ducimus nihil unde voluptatem. Iure qui similique et dolorum. Et incidunt totam suscipit perferendis ad recusandae eum.', 5, '2019-02-01 04:41:27', '2019-02-01 04:41:27');

-- --------------------------------------------------------

--
-- Table structure for table `users`
--

CREATE TABLE `users` (
  `id` int(10) UNSIGNED NOT NULL,
  `name` varchar(64) COLLATE utf8mb4_unicode_ci NOT NULL,
  `email` varchar(128) COLLATE utf8mb4_unicode_ci NOT NULL,
  `email_verified_at` timestamp NULL DEFAULT NULL,
  `password` varchar(128) COLLATE utf8mb4_unicode_ci NOT NULL,
  `remember_token` varchar(100) COLLATE utf8mb4_unicode_ci DEFAULT NULL,
  `created_at` timestamp NULL DEFAULT NULL,
  `updated_at` timestamp NULL DEFAULT NULL
) ENGINE=InnoDB DEFAULT CHARSET=utf8mb4 COLLATE=utf8mb4_unicode_ci;

--
-- Indexes for dumped tables
--

--
-- Indexes for table `migrations`
--
ALTER TABLE `migrations`
  ADD PRIMARY KEY (`id`);

--
-- Indexes for table `password_resets`
--
ALTER TABLE `password_resets`
  ADD KEY `password_resets_email_index` (`email`);

--
-- Indexes for table `products`
--
ALTER TABLE `products`
  ADD PRIMARY KEY (`id`);

--
-- Indexes for table `reviews`
--
ALTER TABLE `reviews`
  ADD PRIMARY KEY (`id`),
  ADD KEY `reviews_product_id_index` (`product_id`);

--
-- Indexes for table `users`
--
ALTER TABLE `users`
  ADD PRIMARY KEY (`id`),
  ADD UNIQUE KEY `users_email_unique` (`email`);

--
-- AUTO_INCREMENT for dumped tables
--

--
-- AUTO_INCREMENT for table `migrations`
--
ALTER TABLE `migrations`
  MODIFY `id` int(10) UNSIGNED NOT NULL AUTO_INCREMENT, AUTO_INCREMENT=9;

--
-- AUTO_INCREMENT for table `products`
--
ALTER TABLE `products`
  MODIFY `id` int(10) UNSIGNED NOT NULL AUTO_INCREMENT, AUTO_INCREMENT=51;

--
-- AUTO_INCREMENT for table `reviews`
--
ALTER TABLE `reviews`
  MODIFY `id` int(10) UNSIGNED NOT NULL AUTO_INCREMENT, AUTO_INCREMENT=301;

--
-- AUTO_INCREMENT for table `users`
--
ALTER TABLE `users`
  MODIFY `id` int(10) UNSIGNED NOT NULL AUTO_INCREMENT;

--
-- Constraints for dumped tables
--

--
-- Constraints for table `reviews`
--
ALTER TABLE `reviews`
  ADD CONSTRAINT `reviews_product_id_foreign` FOREIGN KEY (`product_id`) REFERENCES `products` (`id`) ON DELETE CASCADE;
COMMIT;

/*!40101 SET CHARACTER_SET_CLIENT=@OLD_CHARACTER_SET_CLIENT */;
/*!40101 SET CHARACTER_SET_RESULTS=@OLD_CHARACTER_SET_RESULTS */;
/*!40101 SET COLLATION_CONNECTION=@OLD_COLLATION_CONNECTION */;
